1690472381.642668 0.000000000 0.000000000 0.000000000 -0.000000000 -0.000000000 -0.000000000 1.000000000
1690472381.709209 -0.000011660 -0.000055802 -0.000127390 -0.000006225 0.000021272 -0.000032280 1.000000000
1690472381.775806 -0.000012497 -0.000082371 0.000013528 -0.000015262 0.000018079 -0.000017821 1.000000000
1690472381.842502 0.000400178 0.000210701 -0.000436445 -0.000004062 -0.000028622 -0.000013532 1.000000000
1690472381.909955 -0.000016152 -0.000049673 -0.000113661 -0.000010079 0.000027223 -0.000114504 1.000000000
1690472381.975829 -0.000044704 -0.000062447 -0.000027066 0.000003737 0.000006375 -0.000075465 1.000000000
1690472382.042450 -0.000209412 -0.000074128 -0.000422090 -0.000068503 0.000031814 -0.000082134 1.000000000
1690472382.109335 0.000342465 0.000189326 -0.000652562 0.000015438 0.000013229 -0.000225051 1.000000000
1690472382.175790 0.000353669 0.000144554 -0.000432355 -0.000040486 -0.000022143 -0.000166447 1.000000000
1690472382.242490 -0.000047487 -0.000042018 -0.000085462 -0.000023269 0.000033977 -0.000172747 1.000000000
1690472382.309330 -0.000044439 -0.000057337 -0.000174179 -0.000051811 0.000036512 -0.000159332 1.000000000
1690472382.375878 -0.000028972 -0.000067009 -0.000037915 -0.000059630 0.000022272 -0.000122879 1.000000000
1690472382.442563 -0.000051980 -0.000053487 -0.000006275 -0.000024651 0.000061924 -0.000177440 1.000000000
1690472382.509252 -0.000023755 -0.000054363 -0.000087769 -0.000039803 0.000021304 -0.000141824 1.000000000
1690472382.575837 -0.000020867 -0.000087820 -0.000014702 -0.000112721 0.000069228 -0.000091959 1.000000000
1690472382.643178 -0.000107420 -0.000078599 -0.000168033 -0.000087124 0.000055828 -0.000126505 1.000000000
1690472382.709658 -0.000051554 -0.000060600 -0.000142694 -0.000046018 0.000104663 -0.000126570 1.000000000
1690472382.775817 -0.000027961 -0.000068846 0.000019699 -0.000024036 0.000042658 -0.000028982 1.000000000
1690472382.842754 -0.000008695 -0.000126570 0.000005862 -0.000154938 0.000026261 0.000039589 1.000000000
1690472382.910908 -0.000008610 -0.000061334 -0.000153909 -0.000035288 0.000053372 -0.000075156 1.000000000
1690472382.975954 -0.000015337 -0.000070772 0.000038106 -0.000040132 0.000051281 -0.000086186 1.000000000
1690472383.042587 0.000386639 0.000132841 -0.000376204 -0.000060645 0.000021205 -0.000089433 1.000000000
1690472383.109235 0.000090317 0.000124892 -0.000970615 -0.000088258 0.000020412 -0.000065829 1.000000000
1690472383.175960 0.000872227 0.000146170 0.000248863 -0.000013598 -0.000094817 -0.000139950 1.000000000
1690472383.242613 -0.000043887 -0.000047351 -0.000095798 0.000001127 -0.000002269 -0.000069866 1.000000000
1690472383.309192 0.000387475 0.000133251 -0.000441577 -0.000054553 -0.000023150 -0.000104912 1.000000000
1690472383.376067 0.000402404 0.000134530 -0.000358511 -0.000031252 0.000000082 -0.000151692 1.000000000
1690472383.443491 -0.000041223 -0.000042262 -0.000014938 -0.000016655 0.000075763 -0.000176456 1.000000000
1690472383.509251 -0.000039247 -0.000049744 -0.000181454 -0.000038509 0.000074951 -0.000145552 1.000000000
1690472383.576070 0.000383185 0.000126327 -0.000391463 -0.000069396 -0.000042136 -0.000159218 1.000000000
1690472383.709398 0.000041244 -0.000071317 -0.000001026 -0.000052626 0.000028505 -0.000079215 1.000000000
1690472383.775951 -0.000003179 -0.000088001 -0.000010649 -0.000090109 -0.000027071 0.000018987 1.000000000
1690472383.842579 0.000863512 0.000150862 0.000230412 -0.000048565 -0.000060799 -0.000165849 1.000000000
1690472383.909382 -0.000017921 -0.000086698 -0.000024841 -0.000119650 0.000020738 -0.000110117 1.000000000
1690472383.975941 -0.000030107 -0.000084930 -0.000013449 -0.000134001 0.000029324 -0.000122531 1.000000000
1690472384.042650 0.000272705 0.000160862 -0.000575230 -0.000085966 0.000014431 -0.000198736 1.000000000
1690472384.109518 0.000341252 0.000189645 -0.000584530 -0.000023394 0.000030388 -0.000221531 1.000000000
1690472384.243789 -0.000063122 -0.000037573 -0.000149401 -0.000018465 -0.000003103 -0.000110215 1.000000000
1690472384.309452 -0.000100255 -0.000021450 -0.000294401 -0.000015485 0.000018537 -0.000201275 1.000000000
1690472384.375948 0.000298055 0.000174986 -0.000608196 -0.000052758 0.000000781 -0.000257445 1.000000000
1690472384.509369 -0.000038962 -0.000062362 -0.000167537 -0.000063645 0.000025232 -0.000135007 1.000000000
1690472384.646687 0.000844295 0.000178698 0.000219464 -0.000009796 -0.000021892 -0.000324017 0.999999940
1690472384.709317 -0.000051916 -0.000046275 -0.000216515 -0.000057453 0.000054758 -0.000135881 1.000000000
1690472384.842811 0.000868212 0.000166292 0.000205987 -0.000006456 -0.000081451 -0.000221352 1.000000000
1690472384.909331 -0.000037291 -0.000072673 -0.000058649 -0.000058311 -0.000028242 -0.000084853 1.000000000
1690472385.042828 -0.000061087 -0.000095111 -0.000137273 -0.000098994 0.000015903 0.000002827 1.000000000
1690472385.109337 -0.000057000 -0.000047139 -0.000239212 -0.000031393 0.000020902 -0.000098955 1.000000000
1690472385.176068 -0.000038282 -0.000044520 -0.000097600 -0.000018497 0.000019291 -0.000098937 1.000000000
1690472385.310418 0.000356947 0.000238846 -0.000534620 -0.000006733 -0.000040932 -0.000155772 1.000000000
1690472385.376103 -0.000048686 -0.000072212 -0.000065427 -0.000015249 -0.000005624 0.000000793 1.000000000
1690472385.442701 0.000333759 0.000169423 -0.000524313 -0.000033291 0.000008390 -0.000247827 1.000000000
1690472385.509409 0.000367143 0.000150174 -0.000580383 -0.000053832 -0.000011206 -0.000154540 1.000000000
1690472385.576253 0.000395179 0.000124244 -0.000429140 -0.000118846 -0.000037651 -0.000131219 1.000000000
1690472385.642787 0.000197589 0.000163806 -0.000642407 -0.000097643 -0.000018368 -0.000083131 1.000000000
1690472385.710349 -0.000043969 -0.000059682 -0.000151129 -0.000027249 0.000063134 -0.000115655 1.000000000
1690472385.775219 -0.000010614 -0.000088661 -0.000037166 -0.000078787 0.000023976 -0.000046639 1.000000000
1690472385.842759 -0.000044469 -0.000075495 -0.000057508 -0.000050122 0.000022223 -0.000072208 1.000000000
1690472385.909833 0.000329962 0.000168223 -0.000523702 -0.000019827 0.000001328 -0.000151008 1.000000000
1690472385.975739 0.000377544 0.000110596 -0.000391532 -0.000083879 0.000008357 -0.000068411 1.000000000
1690472386.046381 0.000348058 0.000130969 -0.000439954 -0.000059747 -0.000011845 -0.000182293 1.000000000
1690472386.109575 0.000319369 0.000228254 -0.000494845 0.000031540 0.000001689 -0.000138141 1.000000000
1690472386.176083 -0.000033319 -0.000059682 -0.000054928 -0.000036118 -0.000010020 -0.000131504 1.000000000
1690472386.242776 -0.000064059 -0.000028348 -0.000127730 0.000015176 0.000032700 -0.000171655 1.000000000
1690472386.309999 0.000418554 0.000208268 -0.000382153 -0.000031273 -0.000014833 -0.000167685 1.000000000
1690472386.376031 0.000440097 0.000144828 -0.000367625 -0.000060283 -0.000028430 -0.000212029 1.000000000
1690472386.442858 0.000316331 0.000175158 -0.000556587 -0.000023173 -0.000020637 -0.000233741 1.000000000
1690472386.509467 0.000837658 0.000174014 0.000157485 -0.000026119 -0.000059971 -0.000217508 1.000000000
1690472386.709473 0.000898247 0.000151127 0.000258965 -0.000050320 -0.000134996 -0.000281631 1.000000000
1690472386.776053 0.000881712 0.000150541 0.000243859 -0.000039783 -0.000073124 -0.000289499 1.000000000
1690472386.843014 0.000319963 0.000164063 -0.000539772 -0.000031817 0.000004422 -0.000198773 1.000000000
1690472386.909649 -0.000019001 -0.000069637 -0.000022999 -0.000064004 0.000015410 -0.000158975 1.000000000
1690472386.976106 -0.000026997 -0.000072478 -0.000036354 -0.000036179 0.000010657 -0.000105736 1.000000000
1690472387.042979 -0.000018749 -0.000097814 -0.000031936 -0.000108745 0.000001141 -0.000107427 1.000000000
1690472387.111193 0.000369986 0.000153425 -0.000563157 -0.000082361 -0.000003730 -0.000180811 1.000000000
1690472387.176202 0.000412613 0.000112633 -0.000353321 -0.000080536 -0.000056105 -0.000049354 1.000000000
1690472387.242863 0.000370406 0.000161617 -0.000436032 -0.000037476 0.000028882 -0.000222714 1.000000000
1690472387.309526 -0.000040722 -0.000001639 -0.000010963 -0.000001001 0.000036335 -0.000075613 1.000000000
1690472387.376232 0.000020981 -0.000116201 0.000041120 -0.000095080 0.000006278 -0.000044229 1.000000000
1690472387.442813 0.000333813 0.000187923 -0.000462924 0.000004239 0.000021999 -0.000305803 0.999999940
1690472387.509887 0.000823683 0.000169711 0.000186501 0.000002509 -0.000044984 -0.000220791 1.000000000
1690472387.576080 -0.000308367 -0.000100268 -0.000612556 -0.000100741 0.000033069 -0.000061017 1.000000000
1690472387.644129 -0.000081826 -0.000033589 -0.000116291 -0.000003929 0.000070194 -0.000143357 1.000000000
1690472387.710472 0.000287829 0.000160345 -0.000640165 -0.000026773 0.000044347 -0.000158039 1.000000000
1690472387.775324 0.000009475 -0.000084259 0.000023698 -0.000049472 -0.000002993 -0.000083344 1.000000000
1690472387.842823 -0.000059273 -0.000061015 -0.000075144 -0.000028020 0.000004229 -0.000093542 1.000000000
1690472387.909587 -0.000053295 -0.000044070 -0.000185920 -0.000020388 0.000005998 -0.000212079 1.000000000
1690472387.976210 0.000392887 0.000127478 -0.000378729 -0.000116269 0.000020716 -0.000181443 1.000000000
1690472388.042827 0.000248793 0.000175844 -0.000629495 -0.000049577 0.000038007 -0.000245407 1.000000000
1690472388.109940 -0.000030683 -0.000050641 -0.000004827 -0.000064697 0.000044243 -0.000215712 1.000000000
1690472388.175860 -0.000029282 -0.000082254 0.000018603 -0.000072446 0.000047411 -0.000086635 1.000000000
1690472388.243272 0.000390398 0.000109899 -0.000342931 -0.000109884 -0.000024529 -0.000122244 1.000000000
1690472388.376250 0.000805051 0.000111306 0.000114594 -0.000092623 -0.000065729 -0.000166091 1.000000000
1690472388.442955 -0.000081535 -0.000048072 -0.000112084 -0.000011984 0.000031861 -0.000178118 1.000000000
1690472388.509535 0.000354679 0.000161469 -0.000392591 -0.000085082 0.000026077 -0.000062994 1.000000000
1690472388.580189 0.000258318 0.000104449 -0.000586247 -0.000097025 -0.000025643 -0.000074758 1.000000000
1690472388.643132 0.000377075 0.000115263 -0.000356074 -0.000088773 0.000031422 -0.000101143 1.000000000
1690472388.776208 0.000398158 0.000114313 -0.000363897 -0.000103305 0.000015281 -0.000075962 1.000000000
1690472388.843119 0.000360640 0.000175692 -0.000403669 0.000007744 0.000037638 -0.000334332 0.999999940
1690472388.909536 0.000356009 0.000169547 -0.000454858 -0.000042690 0.000054569 -0.000247545 1.000000000
1690472388.976178 0.000386741 0.000134184 -0.000370913 -0.000050716 -0.000026212 -0.000165999 1.000000000
1690472389.043092 0.000417197 0.000125759 -0.000324374 -0.000082617 0.000037239 -0.000225249 1.000000000
1690472389.109663 0.000345347 0.000191997 -0.000370502 -0.000048456 0.000033797 -0.000175099 1.000000000
1690472389.176324 0.000425192 0.000122689 -0.000324688 -0.000104635 -0.000000831 -0.000166302 1.000000000
1690472389.242923 0.000389836 0.000108028 -0.000410766 -0.000126894 0.000000171 -0.000166259 1.000000000
1690472389.309563 -0.000033947 -0.000069373 0.000042624 -0.000154925 0.000068848 -0.000023423 1.000000000
1690472389.376425 0.000831344 0.000108172 0.000191890 -0.000097501 -0.000007279 -0.000142394 1.000000000
1690472389.576547 0.000384497 0.000105277 -0.000290640 -0.000123570 0.000080951 -0.000171576 1.000000000
1690472389.643278 0.000414954 0.000133579 -0.000244653 -0.000066146 0.000054210 -0.000214834 1.000000000
1690472389.709959 0.000328614 0.000110986 -0.000431264 -0.000100399 0.000113902 -0.000172337 1.000000000
1690472389.776176 0.000792367 0.000061094 0.000127550 -0.000180448 -0.000012565 -0.000025586 1.000000000
1690472389.909663 0.000212357 0.000100787 -0.000617469 -0.000099076 0.000020817 -0.000102418 1.000000000
1690472389.976338 0.000038675 -0.000217088 0.000191188 -0.000170610 0.000026247 -0.000052735 1.000000000
1690472390.042933 0.000417818 0.000098333 -0.000327012 -0.000121105 -0.000014431 -0.000082465 1.000000000
1690472390.175678 0.004196818 -0.002542569 0.008145585 0.004619646 -0.000421513 0.000493777 0.999989152
1690472390.243654 0.000034725 -0.000200406 0.000115565 -0.000229861 -0.000001843 0.000151081 1.000000000
1690472390.309946 -0.000220412 -0.000315820 0.000311743 -0.000097129 0.000055578 0.000044855 1.000000000
1690472390.376398 -0.000170565 -0.000345004 0.000348466 -0.000146484 0.000003433 -0.000002733 1.000000000
1690472390.443173 -0.000042578 -0.000133823 0.000023891 -0.000157090 0.000061783 -0.000021785 1.000000000
1690472390.509888 0.000371591 0.000156100 -0.000423513 -0.000155371 0.000018917 -0.000072807 1.000000000
1690472390.643178 0.000332475 0.000105596 -0.000474399 -0.000094326 -0.000009696 -0.000159237 1.000000000
1690472390.709782 0.000432328 0.000107782 -0.000340994 -0.000130039 0.000065242 -0.000160159 1.000000000
1690472390.776415 0.000357893 0.000102946 -0.000348363 -0.000101104 0.000042199 -0.000072514 1.000000000
1690472390.843176 0.000355760 0.000125469 -0.000461539 -0.000058564 -0.000019390 -0.000079015 1.000000000
1690472390.976353 0.000360470 0.000109606 -0.000373543 -0.000091914 0.000030705 -0.000171519 1.000000000
1690472391.109788 0.000297980 0.000115111 -0.000474367 -0.000068977 0.000048685 -0.000124442 1.000000000
1690472391.176351 0.000395482 0.000099130 -0.000348202 -0.000123728 -0.000018866 -0.000070665 1.000000000
1690472391.243255 0.000403339 0.000097412 -0.000323258 -0.000111385 0.000007689 -0.000096661 1.000000000
1690472391.309670 0.000307863 0.000108732 -0.000472902 -0.000054602 -0.000001473 -0.000108941 1.000000000
1690472391.443019 0.000309698 0.000126683 -0.000433510 -0.000034900 0.000119351 -0.000127350 1.000000000
1690472391.509786 -0.000062267 -0.000113006 0.000084181 -0.000070051 0.000183220 -0.000057908 1.000000000
1690472391.576749 0.000884001 0.000068093 0.000335375 -0.000095855 -0.000023653 -0.000021173 1.000000000
1690472391.643190 0.000206039 -0.000276276 0.000457805 -0.000206324 -0.000021762 0.000168049 1.000000000
1690472391.776579 0.000890153 0.000098432 0.000318670 -0.000057212 0.000123547 -0.000014389 1.000000000
1690472391.911126 0.000488307 0.000065635 -0.000241467 -0.000110454 0.000056901 0.000043879 1.000000000
1690472392.042984 0.000188091 -0.000390826 0.000634087 -0.000149436 0.000057896 0.000213918 1.000000000
1690472392.110245 0.000388374 0.000069954 -0.000354290 -0.000104354 0.000143649 0.000050840 1.000000000
1690472392.176091 0.000855272 0.000037039 0.000358915 -0.000175846 0.000085220 0.000044153 1.000000000
1690472392.243157 -0.000021704 -0.000303575 0.000201130 -0.000147873 0.000116497 0.000180313 1.000000000
1690472392.310379 0.000464437 -0.000023178 -0.000182547 -0.000234943 0.000153261 0.000132219 1.000000000
1690472392.443186 0.000344243 0.000035406 -0.000237428 -0.000176340 0.000248561 0.000056452 0.999999940
1690472392.510013 0.000431688 0.000006604 -0.000189971 -0.000264246 0.000198951 0.000040763 0.999999940
1690472392.576456 0.000472687 0.000007003 -0.000090522 -0.000253078 0.000171351 0.000029725 1.000000000
1690472392.709800 0.000389951 -0.000003385 -0.000293114 -0.000197707 0.000150401 0.000013431 1.000000000
1690472392.776490 -0.000010626 -0.000182706 0.000121931 -0.000139874 0.000163045 0.000160351 1.000000000
1690472392.843236 0.000794898 0.000071688 0.000371987 -0.000103190 0.000182460 -0.000023837 1.000000000
1690472392.976518 0.000368878 0.000059024 -0.000333280 -0.000133159 0.000176452 0.000040905 1.000000000
1690472393.109921 0.000236594 0.000077399 -0.000454689 -0.000143393 0.000268549 -0.000033345 1.000000000
1690472393.176457 0.000446126 0.000021257 -0.000112342 -0.000235568 0.000159675 0.000119825 1.000000000
1690472393.243281 0.000352340 -0.000009454 -0.000237659 -0.000168954 0.000251286 0.000129249 0.999999940
1690472393.376595 0.000358687 0.000035703 -0.000345927 -0.000129387 0.000229091 -0.000065127 1.000000000
1690472393.509838 -0.000057882 -0.000189788 0.000006059 -0.000141525 0.000206287 0.000059726 1.000000000
1690472393.576543 0.000514145 0.000026043 -0.000240999 -0.000162240 0.000222476 0.000011238 1.000000000
1690472393.643202 -0.000032309 -0.000335281 0.000389821 -0.000274011 0.000240685 0.000116944 0.999999940
1690472393.709889 0.000476568 0.000000849 -0.000144498 -0.000271978 0.000149797 0.000067375 1.000000000
1690472393.776708 0.000454334 0.000040961 -0.000135276 -0.000114243 0.000193444 -0.000019167 1.000000000
1690472393.843195 0.000410141 0.000038262 -0.000146492 -0.000183958 0.000214807 0.000011277 0.999999940
1690472393.910013 -0.000013173 -0.000245343 0.000211067 -0.000203925 0.000226433 0.000012297 0.999999940
1690472393.976772 0.000834255 0.000032373 0.000351829 -0.000232290 0.000192961 -0.000114222 0.999999940
1690472394.043186 0.000840635 0.000060446 0.000430680 -0.000124619 0.000181186 -0.000039428 1.000000000
1690472394.110017 0.000275413 0.000036715 -0.000324670 -0.000145290 0.000235151 0.000025034 1.000000000
1690472394.176607 0.000871235 0.000042165 0.000409507 -0.000124985 0.000142833 0.000032734 1.000000000
1690472394.310668 -0.000312962 -0.000193365 -0.000106096 -0.000156841 0.000239873 0.000185349 0.999999940
1690472394.376571 -0.000363319 -0.000410981 0.000262046 -0.000209098 0.000186787 0.000274398 0.999999940
1690472394.443175 -0.000017820 -0.000402821 0.000499607 -0.000150628 0.000158288 0.000266599 0.999999940
1690472394.511564 -0.000399316 -0.000412425 0.000228220 -0.000198851 0.000249953 0.000155639 0.999999940
1690472394.713918 -0.000289225 -0.000368720 0.000258863 -0.000161265 0.000186426 0.000130136 0.999999940
1690472394.843334 0.001237049 -0.000995417 0.002677795 -0.000165852 -0.000028525 0.000217398 1.000000000
1690472394.910931 0.000621960 0.000087722 0.000017991 -0.000115952 0.000230789 0.000096211 1.000000000
1690472395.043450 -0.000360956 -0.000135619 0.000080428 -0.000011498 0.000278139 0.000035383 1.000000000
1690472395.110064 -0.000277728 -0.000149255 0.000087013 -0.000134122 0.000334173 0.000054773 0.999999940
1690472395.176480 -0.000235862 -0.000090071 0.000210401 -0.000035597 0.000359561 -0.000043400 0.999999940
1690472395.243474 -0.000206418 -0.000117132 0.000305325 -0.000053084 0.000276204 0.000093543 1.000000000
1690472395.376757 -0.000365683 -0.000212887 -0.000102828 -0.000027991 0.000346377 0.000455168 0.999999881
1690472395.443310 -0.000309061 -0.000199703 0.000144237 -0.000197477 0.000432017 0.000316660 0.999999881
1690472395.576688 0.000049228 -0.000237298 0.000540709 -0.000180884 0.000240463 0.000372608 0.999999881
1690472395.709979 -0.000425723 -0.000251837 -0.000043464 -0.000181216 0.000328622 0.000419218 0.999999881
1690472395.776805 0.000210999 -0.000199960 0.000742743 -0.000170562 0.000390920 0.000229227 0.999999881
1690472395.843338 -0.000445420 -0.000205350 0.000017747 -0.000237786 0.000342188 0.000161883 0.999999940
1690472395.909962 0.001245814 -0.001003576 -0.002210176 -0.000340425 0.000465211 0.000198328 0.999999821
1690472395.976828 0.000672284 -0.002085070 -0.003735944 -0.000498400 0.000551178 0.000375542 0.999999642
1690472396.110120 -0.001879117 -0.001851489 -0.002419828 -0.000371361 0.000631200 0.000259056 0.999999702
1690472396.176726 -0.001557035 -0.001088292 -0.001008084 -0.000338850 0.000709452 0.000097381 0.999999702
1690472396.243515 -0.002068257 -0.002056825 -0.002616072 -0.000510166 0.000720593 0.000398872 0.999999523
1690472396.310300 -0.000497729 -0.000147730 0.000009720 -0.000272341 0.000459980 0.000352121 0.999999821
1690472396.443387 -0.001349877 -0.000875630 -0.000520018 -0.000408481 0.000541338 0.000379081 0.999999702
1690472396.510202 -0.001610582 -0.001448101 -0.001441620 -0.000385376 0.000589429 0.000329334 0.999999702
1690472396.576701 -0.002110328 -0.002318874 -0.002943971 -0.000530515 0.000571125 0.000373910 0.999999642
1690472396.643445 -0.000490985 -0.000225173 0.000044348 -0.000297437 0.000454538 0.000308545 0.999999821
1690472396.710242 -0.000359398 0.000845204 0.001732177 -0.000050240 0.000429267 0.000466980 0.999999821
1690472396.776714 -0.002500796 -0.002863047 -0.003885520 -0.000560348 0.000714336 0.000264466 0.999999583
1690472396.843479 -0.006577124 -0.005638798 -0.002306886 -0.000964487 0.001081824 0.000684480 0.999998748
1690472396.976715 -0.003407234 -0.004820194 -0.001881110 -0.000827402 0.000666549 0.000374380 0.999999404
1690472397.110071 -0.002526269 -0.008334816 -0.005334825 -0.001278970 0.000761892 0.000410109 0.999998808
1690472397.176662 -0.004135476 -0.006541733 -0.002113883 -0.000988536 0.000783723 0.000474771 0.999999106
1690472397.243606 -0.003996886 -0.006422405 0.001232853 -0.000996102 0.000808384 0.000330281 0.999999166
1690472397.310230 -0.003071651 -0.007979425 -0.000088262 -0.001171440 0.000765791 0.000200159 0.999998987
1690472397.443475 -0.005274331 -0.007771770 0.001059417 -0.001232516 0.000860220 0.000461796 0.999998808
1690472397.511028 -0.005365393 -0.003408491 0.000416332 -0.000768811 0.000956033 0.000451615 0.999999166
1690472397.576833 -0.004694889 -0.004485710 -0.000855169 -0.000719433 0.001042263 0.000443115 0.999999106
1690472397.643473 -0.004410006 -0.006671762 0.000458671 -0.001053950 0.000769756 0.000547472 0.999998987
1690472397.710040 -0.007688197 -0.006992597 -0.000091197 -0.001074262 0.001210551 0.000269095 0.999998629
1690472397.843408 -0.008958834 -0.008595353 0.000222610 -0.001365673 0.001289010 0.000430163 0.999998152
1690472397.910040 -0.008079810 -0.008103449 -0.000760280 -0.001124365 0.001288181 0.000320489 0.999998510
1690472397.976915 -0.004697517 -0.009261923 -0.001345637 -0.001295275 0.000811200 0.000316692 0.999998808
1690472398.110142 -0.006746057 -0.004775895 0.001660594 -0.000724135 0.000858696 0.000519902 0.999999285
1690472398.176808 -0.008077690 -0.002671675 0.002085503 -0.000647450 0.001066274 0.000606867 0.999999046
1690472398.243465 -0.014802325 -0.003471859 0.003735275 -0.000555563 0.001703838 0.000620048 0.999998212
1690472398.310224 -0.014106791 -0.004004684 0.004047561 -0.000640350 0.001627261 0.000622962 0.999998331
1690472398.443659 -0.012050642 -0.005490081 0.004464862 -0.000859545 0.001429469 0.000541729 0.999998510
1690472398.511063 -0.011473810 -0.005942092 0.003888290 -0.000924755 0.001333366 0.000624108 0.999998510
1690472398.576819 -0.011057256 -0.005234180 0.002717536 -0.000838415 0.001231650 0.000525363 0.999998808
1690472398.645131 -0.005709881 -0.002086320 0.001555959 -0.000515419 0.000979954 0.000103895 0.999999404
1690472398.776837 -0.006740718 -0.002995610 0.000098783 -0.000588749 0.001030239 0.000284727 0.999999285
1690472398.843608 -0.006202690 -0.003736091 0.002462144 -0.000622714 0.000986220 0.000233808 0.999999344
1690472398.910585 -0.009128455 -0.002989932 0.003006321 -0.000549002 0.001288377 0.000388534 0.999998927
1690472398.976416 -0.007214657 -0.004962502 0.001011338 -0.000770120 0.001118807 0.000293693 0.999999046
1690472399.043568 -0.010550996 -0.004074801 0.003795655 -0.000667572 0.001304179 0.000605979 0.999998748
1690472399.114197 -0.005835578 -0.002031706 0.000802210 -0.000471751 0.001012256 0.000088319 0.999999404
1690472399.176846 -0.004439454 -0.001447170 0.001190018 -0.000408205 0.000927399 0.000312455 0.999999464
1690472399.243701 -0.007452491 -0.003403323 0.005273831 -0.000579074 0.001013291 0.000294140 0.999999285
1690472399.311013 -0.008547294 -0.002062715 0.004550106 -0.000480153 0.001190757 0.000664735 0.999998987
1690472399.445958 -0.005966996 -0.004362656 0.004197573 -0.000741380 0.001021612 0.000225113 0.999999166
1690472399.576162 -0.005782463 -0.005179112 0.001950943 -0.000799131 0.000955394 0.000310308 0.999999225
1690472399.643617 -0.002632629 -0.001497085 0.002854638 -0.000614077 0.000567937 0.000912232 0.999999285
1690472399.710193 -0.005686640 -0.000862005 0.002003022 -0.000270338 0.000986987 0.000351553 0.999999464
1690472399.843580 -0.003002812 0.000179526 0.004122126 -0.000240818 0.000726747 0.000425267 0.999999642
1690472399.910233 -0.003098724 -0.001404344 0.004198319 -0.000461552 0.000779372 0.000340809 0.999999523
1690472399.977098 -0.004820291 -0.003754716 0.001992741 -0.000719246 0.000923734 0.000493646 0.999999225
1690472400.043558 -0.001835196 -0.002980008 0.004831736 -0.000892942 0.000527074 0.000983055 0.999998987
1690472400.176928 -0.003641557 -0.006084728 -0.001404474 -0.000927109 0.000931380 0.000085064 0.999999106
1690472400.243545 -0.004871740 -0.005271101 0.000767020 -0.000795024 0.001055146 0.000178610 0.999999106
1690472400.310407 -0.004267958 -0.008123860 0.000771034 -0.001204686 0.000838957 0.000444756 0.999998808
1690472400.376978 -0.003080187 -0.008750167 -0.000681650 -0.001385143 0.000690107 0.000736650 0.999998569
1690472400.443569 -0.005958474 -0.002835443 0.002347236 -0.000427272 0.001001571 0.000394153 0.999999344
1690472400.510454 -0.002689455 -0.005321743 0.001770310 -0.000836483 0.000733233 0.000239287 0.999999344
1690472400.576944 -0.003104034 -0.005845345 -0.001741530 -0.000946473 0.000760972 0.000505705 0.999999166
1690472400.643563 -0.004773678 0.000040025 0.003575099 -0.000017012 0.000970207 0.000289948 0.999999523
1690472400.712333 -0.006565228 -0.006750986 -0.000097325 -0.000936098 0.001198618 0.000168366 0.999998868
1690472400.843699 -0.001178846 -0.009428276 -0.001788123 -0.001444808 0.000703430 0.000406038 0.999998629
1690472400.910356 -0.003766036 -0.007843881 0.001896640 -0.001170129 0.000732690 0.000354264 0.999998987
1690472400.977009 -0.004227826 -0.007167966 -0.000280424 -0.001027024 0.000896210 0.000355762 0.999999046
1690472401.045984 -0.002845329 -0.007410751 0.000139376 -0.000999577 0.000788846 0.000496649 0.999999106
1690472401.111246 -0.007957047 -0.006787507 0.000399285 -0.000802851 0.001378663 0.000368493 0.999998689
1690472401.177017 -0.002375638 -0.006110922 -0.001656007 -0.000982675 0.000769728 0.000449564 0.999999106
1690472401.243834 -0.007186790 -0.008534184 -0.000185884 -0.001215728 0.001065794 0.000459230 0.999998629
1690472401.310509 -0.005425821 -0.007643392 0.000747800 -0.000909513 0.001088223 0.000102012 0.999998987
1690472401.376942 -0.004102875 -0.008536371 -0.000114935 -0.001135402 0.000867742 0.000367671 0.999998927
1690472401.513230 -0.005134517 -0.004495300 0.000319128 -0.000639834 0.000924288 0.000291230 0.999999344
1690472401.577113 -0.002910194 -0.004647996 0.000168943 -0.000763739 0.000832650 0.000420420 0.999999285
1690472401.643750 -0.003857133 0.000418389 0.003127671 -0.000040419 0.000893387 0.000323099 0.999999583
1690472401.710968 -0.003966251 -0.007768265 0.000807599 -0.001071668 0.000882768 0.000295186 0.999998987
1690472401.843886 -0.009218191 -0.001529665 0.003077122 -0.000220904 0.001261475 0.000410080 0.999999106
1690472401.914204 -0.005879813 -0.006115050 -0.001044047 -0.000806118 0.001094169 0.000394357 0.999998987
1690472401.976976 -0.002656037 -0.006595773 -0.000908931 -0.000906537 0.000766066 0.000449800 0.999999225
1690472402.043742 -0.004525772 -0.001260573 0.003484432 -0.000190449 0.000859707 0.000333807 0.999999583
1690472402.110365 -0.004268193 -0.006727861 0.000110762 -0.001100635 0.000892673 0.000494032 0.999998927
1690472402.177163 -0.003378984 -0.004682126 -0.000111750 -0.000675031 0.001047590 0.000344177 0.999999166
1690472402.243725 -0.005413404 -0.001972530 0.003269435 -0.000307561 0.001020642 0.000554014 0.999999285
1690472402.377152 -0.007155804 -0.002060075 0.003463744 -0.000211650 0.001178503 0.000316600 0.999999285
1690472402.510415 -0.007013305 -0.005758110 0.000040650 -0.000664864 0.001253302 0.000192434 0.999998987
1690472402.577068 -0.003550791 -0.008220290 0.001370879 -0.001106060 0.000876842 0.000422298 0.999998927
1690472402.643709 -0.003458874 -0.005257737 0.001391755 -0.000785400 0.000847670 0.000584102 0.999999166
1690472402.710549 -0.008131154 -0.005862795 -0.000222031 -0.000736948 0.001472343 0.000362536 0.999998629
1690472402.777263 -0.003998546 -0.005527466 0.000257291 -0.000749958 0.000962090 0.000220949 0.999999225
1690472402.912772 -0.006383731 -0.007157483 -0.000530027 -0.000991196 0.001213123 0.000460828 0.999998689
1690472403.043873 -0.005097846 -0.006406311 -0.001797003 -0.000817160 0.000932205 0.000347028 0.999999166
1690472403.110455 -0.005330937 -0.005257171 -0.001164228 -0.000719615 0.001012976 0.000649219 0.999999046
1690472403.177053 -0.007176342 -0.005736794 -0.001858981 -0.000862602 0.001339400 0.000552371 0.999998569
1690472403.243866 -0.008935415 -0.003762793 0.002167704 -0.000509725 0.001371006 0.000401202 0.999998868
1690472403.377034 -0.008831818 -0.001485125 0.003697040 -0.000199856 0.001324835 0.000562985 0.999998987
1690472403.443907 -0.005900282 -0.001276840 0.004009482 -0.000291908 0.000964544 0.000576399 0.999999344
1690472403.510642 -0.006579845 -0.004334577 0.000316926 -0.000651630 0.001130868 0.000272976 0.999999166
1690472403.577226 -0.008128855 -0.009866466 -0.002520216 -0.001293099 0.001218231 0.000463795 0.999998331
1690472403.710460 -0.007213115 -0.008231181 0.000120703 -0.001085379 0.001037357 0.000488044 0.999998748
1690472403.777229 -0.006796057 -0.006044513 -0.001645910 -0.000865485 0.001185056 0.000389430 0.999998868
1690472403.844025 -0.002837331 -0.004202045 0.000411533 -0.000597438 0.000778838 0.000344311 0.999999464
1690472403.914288 -0.004084459 -0.004813599 0.000939684 -0.000713631 0.000859112 0.000380557 0.999999344
1690472403.977313 -0.005671510 -0.001149690 0.004100632 -0.000143813 0.000959223 0.000357109 0.999999523
1690472404.044017 -0.002809476 -0.005747606 0.000142222 -0.000927080 0.000647222 0.000615795 0.999999166
1690472404.111575 -0.005549982 -0.005910750 0.001885835 -0.000896376 0.000998357 0.000580694 0.999998927
1690472404.176548 -0.003643498 -0.005491097 0.001088789 -0.000890314 0.000870788 0.000379778 0.999999166
1690472404.243866 -0.003241132 -0.005570262 0.002001610 -0.001014999 0.000800863 0.000598592 0.999998987
1690472404.310578 -0.004395116 -0.005549915 0.001879840 -0.000855751 0.000895769 0.000535629 0.999999106
1690472404.377235 -0.004140836 -0.005768952 -0.001077696 -0.000931500 0.000922114 0.000330112 0.999999106
1690472404.443847 -0.003386986 -0.005942733 0.000900710 -0.000878971 0.000783629 0.000355569 0.999999285
1690472404.510579 -0.005621707 -0.005711612 0.001593322 -0.000886011 0.000998412 0.000397082 0.999999046
1690472404.577232 -0.008036532 -0.001733379 0.004095968 -0.000263373 0.001161331 0.000229485 0.999999285
1690472404.643862 -0.007022836 -0.002703822 0.005011475 -0.000336363 0.001002219 0.000433960 0.999999344
1690472404.713521 -0.007517375 -0.001069148 0.004477029 -0.000150884 0.001249476 0.000486761 0.999999106
1690472404.777209 -0.006074908 0.000388959 0.003218454 -0.000032064 0.001081796 0.000351115 0.999999344
1690472404.843794 -0.006319621 -0.000917920 0.002971946 -0.000216720 0.001152020 0.000222469 0.999999285
1690472404.910688 -0.006633373 -0.004950944 0.000466570 -0.000606123 0.001132191 0.000145159 0.999999166
1690472405.043918 -0.013333501 -0.003152641 0.003666776 -0.000364385 0.001705619 0.000314424 0.999998450
1690472405.110563 -0.004851856 -0.005092273 0.000964344 -0.000684434 0.000998997 0.000011657 0.999999285
1690472405.177218 -0.006776925 -0.001386146 0.003673944 -0.000262399 0.001100013 0.000137999 0.999999404
1690472405.309983 -0.793500185 -0.087839790 0.157261431 -0.000664174 -0.136042118 -0.019434091 0.990512192
1690472405.444053 -0.147973314 -0.029762333 -0.208722651 -0.007146588 0.019536754 0.002850430 0.999779522
1690472405.510580 -0.147383168 -0.029789902 -0.208666459 -0.007250609 0.019458866 0.002913034 0.999780118
1690472405.577205 -0.147363663 -0.029852899 -0.208856940 -0.007207615 0.019445725 0.002930335 0.999780655
1690472405.644153 -0.147341669 -0.030119266 -0.208775207 -0.007284422 0.019453811 0.002958470 0.999779880
1690472405.777320 -0.147308454 -0.029425787 -0.207990393 -0.007103867 0.019444164 0.002817890 0.999781728
1690472405.910593 -0.147215307 -0.029697157 -0.208024696 -0.007193836 0.019379975 0.002980449 0.999781907
1690472405.977370 -0.147266895 -0.030970408 -0.208349377 -0.007287573 0.019332390 0.003008845 0.999782085
1690472406.043954 -0.146895066 -0.030474141 -0.207452387 -0.007221177 0.019342961 0.002937004 0.999782562
1690472406.177424 -0.145724997 -0.025695426 -0.202133507 -0.006356883 0.019164991 0.002947308 0.999791801
1690472406.243946 -0.146684036 -0.027339065 -0.201713875 -0.006326587 0.019413756 0.002621524 0.999788165
1690472406.312305 -0.145645633 -0.025820650 -0.198681280 -0.006045473 0.019210204 0.002814942 0.999793291
1690472406.377349 -0.145441830 -0.024130935 -0.196749538 -0.005930648 0.019296234 0.002728858 0.999792516
1690472406.444590 -0.149286583 -0.025929496 -0.188720196 -0.006087885 0.019385820 0.002754499 0.999789774
1690472406.511143 -0.147137284 -0.028747538 -0.187027156 -0.006275885 0.019311883 0.002744366 0.999790072
1690472406.577395 -0.148080364 -0.029125791 -0.183553293 -0.006627015 0.019199772 0.003054218 0.999789059
1690472406.648060 -0.149271518 -0.030599715 -0.178794220 -0.006861899 0.019474935 0.003004071 0.999782324
1690472406.714331 -0.149940103 -0.030053573 -0.174183577 -0.006855593 0.019395828 0.003385504 0.999782681
1690472406.776987 -0.153152302 -0.029251108 -0.166420117 -0.006348125 0.019930689 0.002860588 0.999777138
1690472406.912649 -0.152257338 -0.039115846 -0.160095707 -0.007994449 0.020097768 0.002842054 0.999762058
1690472406.975573 -0.149687991 -0.029722122 -0.155524835 -0.006765953 0.019946342 0.003083922 0.999773443
1690472407.044078 -0.155993193 -0.043483950 -0.149854362 -0.008541175 0.020786079 0.003111049 0.999742687
1690472407.177397 -0.155449241 -0.044577137 -0.137001008 -0.008763084 0.021360358 0.003303534 0.999728024
1690472407.244112 -0.162947729 -0.046528555 -0.131197155 -0.009119631 0.023020416 0.002516110 0.999690235
1690472407.313844 -0.156751752 -0.043664724 -0.115960754 -0.008398338 0.022871904 0.002458283 0.999700129
1690472407.377361 -0.159148276 -0.048334349 -0.114572287 -0.009126691 0.023891088 0.002744049 0.999669135
1690472407.444909 -0.166686580 -0.051074579 -0.107484788 -0.009329670 0.026223974 0.002600468 0.999609232
1690472407.510720 -0.165204287 -0.048114568 -0.092231952 -0.008814015 0.026221890 0.002378415 0.999614537
1690472407.577331 -0.168444619 -0.050691530 -0.085626021 -0.009416851 0.027264547 0.002809460 0.999579966
1690472407.644222 -0.164131582 -0.044261448 -0.066719696 -0.008663843 0.027334174 0.002797636 0.999584913
1690472407.710721 -0.163619101 -0.054386780 -0.056897055 -0.009368010 0.028535822 0.001921402 0.999547064
1690472407.777475 -0.156411707 -0.046141002 -0.048588384 -0.008669962 0.028516565 0.002593467 0.999552429
1690472407.844145 -0.169522598 -0.044809952 -0.040472366 -0.007986776 0.030918745 0.002501854 0.999486923
1690472407.913948 -0.146360144 -0.032724556 -0.024313973 -0.006819510 0.029720636 0.001565039 0.999533772
1690472407.977635 -0.147179887 -0.031675205 -0.004983407 -0.006601191 0.030204497 0.002250351 0.999519408
1690472408.044257 -0.146668851 -0.025880540 0.000418018 -0.006512042 0.031191584 0.002434447 0.999489248
1690472408.110711 -0.177532122 -0.042588141 0.013287923 -0.007909536 0.034727130 0.002920976 0.999361277
1690472408.181467 -0.172048479 -0.033493705 0.016706061 -0.007272735 0.035566155 0.001769201 0.999339342
1690472408.244568 -0.146797150 -0.033047132 0.027627843 -0.007744852 0.033422206 0.002057189 0.999409258
1690472408.311086 -0.145154357 -0.017847868 0.059446212 -0.005520882 0.034026846 0.003132538 0.999400795
1690472408.377603 -0.149507061 -0.013343753 0.061470903 -0.005432414 0.035491925 0.002573928 0.999351919
1690472408.444905 -0.166479036 -0.023349553 0.076137349 -0.005869868 0.037314542 0.002865409 0.999282241
1690472408.511462 -0.172029302 -0.037152600 0.071347728 -0.007614484 0.038628027 0.002467304 0.999221683
1690472408.577504 -0.183020025 -0.039915416 0.095573083 -0.008365923 0.040353831 0.002360194 0.999147654
1690472408.644061 -0.149575025 -0.019710984 0.117267743 -0.006571679 0.037022848 0.002800718 0.999288917
1690472408.711986 -0.150803551 -0.017762737 0.128461286 -0.006328425 0.037457086 0.002628360 0.999274790
1690472408.777442 -0.147786319 -0.017297275 0.144401386 -0.006335943 0.037152804 0.002767199 0.999285758
1690472408.844071 -0.144739240 -0.018138070 0.160482720 -0.006672588 0.036984388 0.002779686 0.999289751
1690472408.911040 -0.153503433 -0.024969174 0.174773753 -0.007600422 0.037757996 0.002968440 0.999253690
1690472408.977386 -0.145124704 -0.022001807 0.190480962 -0.007233854 0.036821485 0.002938683 0.999291360
1690472409.045592 -0.145300910 -0.024678124 0.201357186 -0.007984641 0.037008822 0.002777943 0.999279201
1690472409.111080 -0.158094496 -0.027805811 0.214216441 -0.008249958 0.038414922 0.002739023 0.999224067
1690472409.177197 -0.166244656 -0.025721848 0.226117343 -0.007704490 0.039406579 0.002695911 0.999189913
1690472409.246217 -0.158260167 -0.017041152 0.240685552 -0.006882347 0.038129143 0.003545943 0.999242902
1690472409.311267 -0.167205483 -0.019991660 0.266412705 -0.007219324 0.038157158 0.004275678 0.999236524
1690472409.377485 -0.170640901 -0.035939284 0.284269303 -0.009162367 0.037513036 0.004555681 0.999243736
1690472409.445004 -0.176856071 -0.027343461 0.306218863 -0.008074663 0.037285950 0.004488498 0.999261975
1690472409.511201 -0.205357894 -0.044057138 0.314981818 -0.010289972 0.038757809 0.004703824 0.999184608
1690472409.577497 -0.201020062 -0.037795428 0.340713233 -0.008851408 0.036677431 0.004910942 0.999275923
1690472409.644446 -0.179468066 -0.017806100 0.359913349 -0.006794969 0.033461846 0.003631578 0.999410331
1690472409.777655 -0.195370972 -0.046407677 0.390827835 -0.010849372 0.030388953 0.003382071 0.999473572
1690472409.844175 -0.184309468 -0.015294994 0.402293593 -0.007524300 0.027356500 0.003854330 0.999590039
1690472409.910880 -0.168970481 -0.018576678 0.432853639 -0.008368311 0.023472840 0.003381702 0.999683797
1690472409.977589 -0.201830253 -0.039797463 0.456662446 -0.009791500 0.023872957 0.005090197 0.999654114
1690472410.044361 -0.214318618 -0.045345042 0.465919256 -0.011209374 0.022175824 0.005193108 0.999677777
1690472410.111078 -0.223690942 -0.053120531 0.483816206 -0.012808751 0.020559942 0.005715649 0.999690294
1690472410.177764 -0.209916621 -0.026258552 0.514526248 -0.009323765 0.016349744 0.004571044 0.999812424
1690472410.377738 -0.257782370 -0.038591761 0.591043413 -0.009650405 0.009431958 0.006274031 0.999889314
1690472410.444203 -0.252715945 -0.067183554 0.600243270 -0.012978961 0.004729792 0.004992383 0.999892175
1690472410.512001 -0.298018426 -0.034519508 0.684178114 -0.008542014 0.003050584 0.008421016 0.999923408
1690472410.577586 -0.304901540 -0.036092635 0.694311917 -0.009463616 -0.000322773 0.008552209 0.999918640
1690472410.644282 -0.326750487 -0.026171776 0.734761238 -0.007558434 -0.003970902 0.009447147 0.999918938
1690472410.710942 -0.311555833 -0.042799369 0.752236187 -0.009571022 -0.010578649 0.008671366 0.999860644
1690472410.844266 -0.310674608 -0.042640232 0.788019240 -0.009375939 -0.021582672 0.008747499 0.999684811
1690472410.911377 -0.318282932 -0.039972354 0.816366673 -0.008856016 -0.027183473 0.008300483 0.999556780
1690472410.977621 -0.336418658 -0.034105979 0.842842162 -0.008135017 -0.032270838 0.009545600 0.999400496
1690472411.044289 -0.354757696 -0.051946621 0.868892074 -0.009984442 -0.036599066 0.008900768 0.999240577
1690472411.111087 -0.371922076 -0.056282014 0.887650847 -0.010336369 -0.041566815 0.008858905 0.999043047
1690472411.177780 -0.374427497 -0.050411504 0.915874243 -0.009260443 -0.049028128 0.009403660 0.998710215
1690472411.244271 -0.393137276 -0.059208263 0.938998163 -0.010636442 -0.054817047 0.009948072 0.998390257
1690472411.377561 -0.421211809 -0.058735184 0.985681713 -0.010365373 -0.067901254 0.009554570 0.997592449
1690472411.577559 -0.470444798 -0.012641849 1.092621922 -0.004267941 -0.093809448 0.016757809 0.995440006
1690472411.644458 -0.483748496 -0.013009486 1.114428401 -0.004039264 -0.102190763 0.016845696 0.994613945
1690472411.715072 -0.505611539 -0.016404748 1.133537292 -0.003971785 -0.109510280 0.016742473 0.993836761
1690472411.777696 -0.510609865 -0.016267071 1.144674778 -0.004173512 -0.118213356 0.016661890 0.992839694
1690472411.844509 -0.530138791 -0.016980078 1.165677547 -0.004065625 -0.125909016 0.016654085 0.991893709
1690472411.911595 -0.542670429 -0.025313703 1.180869460 -0.005273893 -0.134211108 0.016505843 0.990801275
1690472411.977927 -0.577674925 -0.022428032 1.207650661 -0.004264263 -0.141122445 0.016127329 0.989851654
1690472412.044400 -0.599007010 -0.009219311 1.227875233 -0.002116139 -0.149491429 0.017363327 0.988608301
1690472412.110944 -0.614944518 -0.019769996 1.249441504 -0.004404475 -0.159705833 0.017736038 0.986995518
1690472412.177819 -0.627870858 -0.028724626 1.261452079 -0.005450160 -0.168533698 0.018257676 0.985511720
1690472412.244361 -0.664877057 -0.028363818 1.285428882 -0.004497875 -0.175241336 0.019118926 0.984329641
1690472412.310908 -0.683309376 -0.040146030 1.295127034 -0.004748323 -0.183614418 0.017362462 0.982833564
1690472412.377888 -0.669880867 -0.025057759 1.340965629 -0.002277021 -0.201119334 0.018280592 0.979393542
1690472412.444369 -0.653533280 -0.026205145 1.344450712 -0.002286359 -0.214385122 0.016626142 0.976605058
1690472412.511079 -0.663991272 0.000424193 1.419347644 0.001787446 -0.229560703 0.021760108 0.973049402
1690472412.577764 -0.687844336 0.000054013 1.431572914 0.002746420 -0.237457961 0.021213477 0.971162319
1690472412.644410 -0.740412533 -0.008530260 1.456883192 0.001482081 -0.243281081 0.020065045 0.969747186
1690472412.711374 -0.752204716 -0.010837281 1.475129604 0.001305180 -0.253636450 0.020281523 0.967086136
1690472412.844350 -0.795131147 -0.017915163 1.492160797 0.000389419 -0.271279365 0.020758517 0.962276757
1690472412.911934 -0.805699885 -0.021090459 1.517158508 0.000860178 -0.282521307 0.019706033 0.959058285
1690472412.977784 -0.823958099 -0.014615707 1.553070903 0.002206131 -0.294708848 0.020606518 0.955362380
1690472413.048410 -0.848900437 -0.000645274 1.568734527 0.004553819 -0.304065943 0.021407368 0.952399611
1690472413.112623 -0.849044323 -0.003146164 1.577401280 0.003624178 -0.315185577 0.020927662 0.948792398
1690472413.176335 -0.866719782 -0.013814363 1.591662049 0.002680117 -0.325017899 0.020436311 0.945483267
1690472413.244491 -0.884664357 -0.009991711 1.592725873 0.002652341 -0.334306687 0.021933991 0.942205429
1690472413.311549 -0.912095010 -0.019538188 1.603169560 0.001480035 -0.342907786 0.021780545 0.939115405
1690472413.377461 -0.926340282 -0.011051651 1.634270191 0.003541830 -0.354402721 0.021613559 0.934836388
1690472413.444450 -0.942228794 -0.012706880 1.632464409 0.003599272 -0.362202138 0.019946642 0.931879222
1690472413.511096 -1.016576529 -0.014278695 1.689027786 0.003281172 -0.370468974 0.019953312 0.928624749
1690472413.577760 -1.034890056 -0.017447550 1.700921893 0.002569852 -0.379624456 0.019402998 0.924933672
1690472413.644570 -1.061722398 -0.020114096 1.719712257 0.002526795 -0.389175147 0.019088442 0.920962572
1690472413.711130 -1.082318664 -0.020142710 1.726960301 0.002552759 -0.397867560 0.020159433 0.917217851
1690472413.777792 -1.104375601 -0.017138414 1.743984222 0.002944822 -0.406981349 0.020671895 0.913197815
1690472413.844584 -1.118519783 -0.021142900 1.757263541 0.002309105 -0.415999234 0.020318812 0.909135044
1690472413.911169 -1.149192691 -0.023073848 1.778210521 0.002615353 -0.424545616 0.020340119 0.905174315
1690472413.978700 -1.170392752 -0.028576879 1.793373346 0.002290256 -0.433739126 0.020576427 0.900800645
1690472414.044502 -1.202123523 -0.007403396 1.799805641 0.005082741 -0.439145625 0.020831598 0.898159981
1690472414.111112 -1.225377560 -0.005220763 1.816053152 0.005540480 -0.448040485 0.020460365 0.893761992
1690472414.177872 -1.252918243 -0.005746275 1.831512451 0.005504885 -0.456334591 0.021105308 0.889540911
1690472414.244435 -1.273597002 -0.003060792 1.842457891 0.006769027 -0.464677125 0.021652473 0.885189593
1690472414.311021 -1.305809021 -0.006959964 1.866343498 0.006070808 -0.472718656 0.021762162 0.880923748
1690472414.377988 -1.325113893 -0.004034027 1.868277311 0.006680316 -0.480205178 0.021940762 0.876856327
1690472414.511132 -1.371208429 0.016127810 1.857292652 0.007750001 -0.492494494 0.024363220 0.869939983
1690472414.577944 -1.413212776 0.015270583 1.868292451 0.007924547 -0.499571770 0.024191093 0.865898371
1690472414.644424 -1.451050997 0.016133044 1.876674771 0.009018405 -0.506682396 0.024303244 0.861743033
1690472414.711209 -1.455453634 0.013354596 1.877362490 0.008521427 -0.513539135 0.024059955 0.857686520
1690472414.777813 -1.465783834 0.002299149 1.854087353 0.007450961 -0.518442929 0.023056662 0.854768872
1690472414.844442 -1.459241390 0.002348706 1.858830452 0.008138162 -0.524996579 0.022963416 0.850755632
1690472414.911461 -1.512745380 -0.007806342 1.870697141 0.008894620 -0.531804979 0.022524854 0.846520543
1690472414.978453 -1.548068285 -0.008386042 1.871314168 0.008998663 -0.536819339 0.022274524 0.843355179
1690472415.044580 -1.558320522 -0.006759111 1.879479408 0.009102765 -0.543206930 0.024057869 0.839204848
1690472415.111516 -1.556230783 -0.000862494 1.884895682 0.009779807 -0.548693955 0.023557693 0.835634172
1690472415.177901 -1.566903353 0.000649080 1.895152211 0.009945150 -0.554775715 0.023627052 0.831604958
1690472415.244618 -1.573550224 0.002787463 1.898597002 0.010115206 -0.560462773 0.024287565 0.827761531
1690472415.311534 -1.626702785 -0.008254886 1.879788041 0.008925354 -0.563734949 0.023809815 0.825564265
1690472415.377799 -1.642396331 -0.005974539 1.889717698 0.008574895 -0.569893360 0.023950940 0.821324766
1690472415.444653 -1.661792874 -0.001578152 1.901178718 0.009135563 -0.575847089 0.023585664 0.817166150
1690472415.514939 -1.670330286 -0.001690276 1.907167435 0.008913896 -0.581792593 0.022940010 0.812964737
1690472415.581789 -1.692553043 -0.021796316 1.897509813 0.006954153 -0.586660862 0.021773521 0.809510171
1690472415.644735 -1.707526088 -0.020495769 1.893301606 0.006911469 -0.591780663 0.021848185 0.805773258
1690472415.713055 -1.729402661 -0.016661514 1.888686776 0.007420133 -0.596342921 0.021045174 0.802419603
1690472415.775991 -1.756784201 -0.057595994 1.865870357 0.002589894 -0.599996030 0.017459545 0.799808323
1690472415.844700 -1.815430880 -0.046683431 1.916727066 0.003828357 -0.609184444 0.018186681 0.792810798
1690472415.912416 -1.838063240 -0.046498850 1.922392726 0.003254075 -0.615203261 0.017298838 0.788172007
1690472415.976708 -1.849732757 -0.048399430 1.925783038 0.002845624 -0.620926976 0.016934687 0.783680320
1690472416.044621 -1.867288589 -0.047623873 1.931636930 0.003245211 -0.627029240 0.017770786 0.778786361
1690472416.111309 -1.890676260 -0.044499028 1.917325139 0.004270514 -0.631880403 0.018220438 0.774839997
1690472416.178134 -1.910836339 -0.044845920 1.917462230 0.005044559 -0.638620317 0.018358849 0.769286454
1690472416.244455 -1.928719997 -0.044677801 1.923493862 0.004548332 -0.645895302 0.019466426 0.763164341
1690472416.311297 -1.953321934 -0.050849080 1.911504984 0.004491823 -0.651325941 0.020442378 0.758509398
1690472416.378051 -1.977363825 -0.046166606 1.908599377 0.005745150 -0.657923520 0.020623716 0.752780497
1690472416.448694 -2.031174183 -0.056950971 1.876287341 0.004806083 -0.663019180 0.021417700 0.748280525
1690472416.578066 -2.063951015 -0.053362340 1.874375820 0.006541741 -0.675933838 0.022578552 0.736587346
1690472416.644571 -2.094362020 -0.062869743 1.859203339 0.006158292 -0.682456970 0.022696387 0.730547488
1690472416.711307 -2.107909918 -0.063867845 1.844798803 0.006869914 -0.689268470 0.023914671 0.724078655
1690472416.777939 -2.125079870 -0.071959488 1.832430840 0.006490396 -0.696075797 0.025676515 0.717479765
1690472416.847394 -2.141134977 -0.065461174 1.811275959 0.008008944 -0.702889860 0.028045280 0.710700512
1690472416.911359 -2.157579422 -0.080373704 1.813241959 0.006652817 -0.711647213 0.028677670 0.701919913
1690472416.977949 -2.197522640 -0.080519199 1.810786009 0.007790955 -0.721020877 0.030102320 0.692215323
1690472417.044731 -2.216969728 -0.081224926 1.799669743 0.009216849 -0.728986740 0.030694120 0.683777273
1690472417.111991 -2.232124329 -0.078765735 1.791425467 0.010759033 -0.737414479 0.030749816 0.674654424
1690472417.311326 -2.213324070 -0.085983455 1.817185163 0.013829476 -0.762343287 0.027946128 0.646421373
1690472417.377974 -2.232439756 -0.085109316 1.808247566 0.014065810 -0.770691574 0.028036032 0.636435986
1690472417.444713 -2.248816490 -0.086885005 1.793942213 0.013476084 -0.778563440 0.028242556 0.626785278
1690472417.513871 -2.263557673 -0.086449668 1.784116268 0.013510447 -0.786996901 0.028570835 0.616147041
1690472417.644727 -2.271832466 -0.097707570 1.773712873 0.012276097 -0.803392172 0.028134396 0.594658554
1690472417.711756 -2.357774734 -0.091624856 1.710178852 0.012311537 -0.811124086 0.029364338 0.584006786
1690472417.777527 -2.375569105 -0.097181454 1.687605619 0.011620968 -0.818390608 0.029244306 0.573800147
1690472417.844866 -2.385587215 -0.096331380 1.687031746 0.011175424 -0.825933278 0.029586354 0.562880099
1690472417.911532 -2.395851851 -0.100067183 1.673772097 0.010578955 -0.832844675 0.029145725 0.552637637
1690472417.977890 -2.411919594 -0.102374211 1.656251907 0.010596202 -0.839670300 0.028948128 0.542220891
1690472418.044772 -2.452128887 -0.099049956 1.645408869 0.011034146 -0.847781181 0.029825922 0.529391885
1690472418.111626 -2.464509964 -0.100600809 1.629083395 0.011057893 -0.854156435 0.029706920 0.519049227
1690472418.177818 -2.482534170 -0.105225958 1.612799168 0.010592020 -0.860929191 0.029066086 0.507783473
1690472418.311329 -2.518049240 -0.123368278 1.585413337 0.009966946 -0.874027550 0.026631346 0.485043496
1690472418.378180 -2.541305542 -0.128034204 1.540716767 0.008403981 -0.879883885 0.027106924 0.474340558
1690472418.519411 -2.642624378 -0.111056127 1.482144237 0.011122257 -0.892864585 0.028665157 0.449274361
1690472418.582139 -2.657344341 -0.112848327 1.456255555 0.012377243 -0.897703648 0.028297260 0.439516038
1690472418.644793 -2.663897991 -0.113539100 1.446874022 0.012222081 -0.902479947 0.028032769 0.429644942
1690472418.780899 -2.685639381 -0.119112916 1.423767805 0.011444984 -0.911522150 0.027002921 0.410203964
1690472418.844888 -2.706027269 -0.122069687 1.403056145 0.011389309 -0.916118085 0.027176794 0.399824202
1690472418.911425 -2.688498497 -0.128584951 1.371341109 0.010637156 -0.918814480 0.026063304 0.393684566
1690472418.978361 -2.699899673 -0.149086460 1.366092324 0.009277501 -0.922968447 0.024261009 0.383998126
1690472419.044680 -2.751884937 -0.135900915 1.301414013 0.010346980 -0.927278221 0.026974337 0.373256564
1690472419.178195 -2.760059118 -0.149204984 1.256700873 0.009352262 -0.933667183 0.025195867 0.357132226
1690472419.244746 -2.764945269 -0.158188403 1.227033734 0.008272415 -0.936871350 0.024526771 0.348715067
1690472419.311625 -2.762692451 -0.170226991 1.195502043 0.007428304 -0.939490080 0.022872951 0.341731101
1690472419.378066 -2.778959036 -0.171518564 1.183945537 0.007975940 -0.942615330 0.022437857 0.333030581
1690472419.444832 -2.775915384 -0.168093234 1.171107054 0.006935979 -0.945223331 0.022629241 0.325565279
1690472419.644793 -2.864498138 -0.163141876 1.096876502 0.008523215 -0.954332054 0.023920583 0.297666788
1690472419.712892 -2.865750313 -0.163457394 1.074625134 0.008542034 -0.956211925 0.023474097 0.291607231
1690472419.778085 -2.870456219 -0.167117029 1.056244254 0.008967984 -0.957959712 0.022592885 0.285871208
1690472419.844944 -2.868433714 -0.166555315 1.024334908 0.008782056 -0.959321618 0.022750547 0.281260431
1690472419.912057 -2.871860027 -0.194332674 1.016439557 0.007843920 -0.960947096 0.019096131 0.275961131
1690472420.044972 -2.886119604 -0.209654912 0.982896447 0.006375012 -0.963944018 0.016617894 0.265509456
1690472420.111673 -2.908462286 -0.216090843 0.958516359 0.005036605 -0.965868056 0.016194142 0.258478910
1690472420.178192 -2.907268763 -0.217942983 0.950446010 0.004584782 -0.967039466 0.015251900 0.254128277
1690472420.244836 -2.911036968 -0.218507364 0.919741273 0.003773035 -0.968191028 0.015161308 0.249724194
1690472420.311624 -2.912445307 -0.229221702 0.890023947 0.003264885 -0.969203770 0.013851716 0.245848566
1690472420.377993 -2.976054192 -0.185759678 0.835100651 0.004258375 -0.971418023 0.020118253 0.236482888
1690472420.444951 -2.997696877 -0.199157357 0.816090107 0.004944030 -0.972976148 0.018580295 0.230103940
1690472420.511456 -2.979240417 -0.190872610 0.780599117 0.003788607 -0.973518550 0.019599097 0.227734864
1690472420.578290 -2.983599663 -0.201232716 0.761527300 0.004122777 -0.974607229 0.018206298 0.223142013
1690472420.644849 -2.990466595 -0.210990593 0.736471534 0.003252570 -0.975801647 0.017229501 0.217953593
1690472420.711533 -2.996362209 -0.214711994 0.715916991 0.003836438 -0.976845980 0.016553376 0.213267952
1690472420.778272 -3.002034426 -0.209863335 0.689570427 0.003689237 -0.977759540 0.016865026 0.209017575
1690472420.844870 -2.988029480 -0.215065345 0.674288273 0.004593034 -0.978115141 0.016074827 0.207391709
1690472420.911606 -2.994717836 -0.234537885 0.660562634 0.004405551 -0.978971243 0.013315760 0.203515902
1690472420.981758 -2.980808735 -0.250802785 0.630046487 0.004365067 -0.979332805 0.011603316 0.201875389
1690472421.045006 -3.079703569 -0.202954829 0.566290021 0.005714156 -0.981681168 0.018385263 0.189555898
1690472421.111802 -3.086946011 -0.203673899 0.539456367 0.005350187 -0.982332051 0.018269151 0.186175644
1690472421.178173 -3.094430923 -0.219752833 0.519581914 0.005116791 -0.983014286 0.015923714 0.182765618
1690472421.244856 -3.090619326 -0.225941330 0.498439670 0.004025099 -0.983545542 0.014980798 0.179993317
1690472421.312149 -3.091754913 -0.239615679 0.483599901 0.003533069 -0.984055877 0.013356916 0.177322030
1690472421.378279 -3.096746206 -0.245086178 0.469437599 0.003145062 -0.984804273 0.012700704 0.173174486
1690472421.444961 -3.088817835 -0.233816057 0.435675144 0.003468445 -0.985014856 0.014337692 0.171837777
1690472421.513409 -3.086663485 -0.255542278 0.417845488 0.003595039 -0.985411644 0.011670399 0.169749051
1690472421.576340 -3.143767357 -0.208879903 0.366347909 0.005258743 -0.986609399 0.018750301 0.161934495
1690472421.644975 -3.161993265 -0.207930773 0.350626945 0.005451529 -0.987282217 0.018643722 0.157786474
1690472421.711561 -3.186501741 -0.206928983 0.329560637 0.004576190 -0.988028824 0.018128458 0.153132677
1690472421.778192 -3.198984861 -0.206323266 0.318435192 0.005068417 -0.988622904 0.018166384 0.149228051
1690472421.845060 -3.210796118 -0.205627918 0.307739496 0.005157896 -0.989092767 0.017861018 0.146115810
1690472421.911576 -3.183867693 -0.214023858 0.242304206 0.004173291 -0.988969982 0.017664213 0.146999732
1690472422.111544 -3.239074469 -0.211043090 0.195118546 0.005305103 -0.990488112 0.016375871 0.136517450
1690472422.178299 -3.159379244 -0.255946130 0.132972598 0.002781665 -0.989682138 0.011618272 0.142781854
1690472422.311551 -3.170731544 -0.236757427 0.074722052 0.002288226 -0.990188539 0.014070656 0.139008954
1690472422.378341 -3.226862431 -0.219168335 0.043846250 0.004322423 -0.991065145 0.015867488 0.132360995
1690472422.511683 -3.245331049 -0.224803343 0.003892183 0.003821135 -0.991664290 0.014411894 0.127982944
1690472422.581929 -3.242328882 -0.230279312 -0.018593907 0.003669635 -0.991787910 0.013619036 0.127113417
1690472422.644963 -3.238882780 -0.235769644 -0.039646626 0.003315834 -0.991954029 0.012056489 0.125979930
1690472422.711593 -3.249591351 -0.234501824 -0.067578793 0.003552708 -0.992248416 0.012460961 0.123593144
1690472422.845076 -3.253878355 -0.238254100 -0.110569954 0.003871414 -0.992602468 0.010884094 0.120859206
1690472422.911541 -3.249113560 -0.241557792 -0.136360645 0.003011249 -0.992702603 0.010786349 0.120067738
1690472422.978429 -3.250969410 -0.239935294 -0.153224111 0.003910427 -0.992802739 0.010099405 0.119270548
1690472423.049060 -3.285140753 -0.223045737 -0.219484806 0.003658676 -0.993356347 0.013169539 0.114264324
1690472423.111803 -3.290463448 -0.229880810 -0.243342280 0.003600406 -0.993608773 0.012026935 0.112178922
1690472423.178332 -3.289900780 -0.224190921 -0.263415813 0.004265551 -0.993768811 0.012689619 0.110654682
1690472423.244950 -3.287649155 -0.237048239 -0.286774158 0.004211793 -0.993935287 0.011006870 0.109333396
1690472423.311834 -3.293781757 -0.228817314 -0.311321616 0.004644964 -0.994106054 0.011680895 0.107680917
1690472423.378320 -3.292602062 -0.228646040 -0.334457755 0.004606630 -0.994308352 0.011434718 0.105825447
1690472423.511776 -3.304947615 -0.239467010 -0.391017437 0.005444025 -0.994888306 0.009634416 0.100373231
1690472423.578289 -3.307542324 -0.225091100 -0.418672562 0.005527195 -0.995106459 0.011720062 0.097955517
1690472423.645100 -3.309736967 -0.233101532 -0.453652740 0.005261782 -0.995339692 0.009880722 0.095779523
1690472423.711816 -3.336890459 -0.228474274 -0.492907047 0.005039501 -0.995838225 0.010026146 0.090445071
1690472423.778301 -3.338543892 -0.226716891 -0.518015504 0.005239119 -0.996055961 0.009881712 0.088019893
1690472423.912516 -3.350167274 -0.231445312 -0.567883611 0.004274585 -0.996662974 0.009349589 0.080976769
1690472423.977895 -3.348843336 -0.227831244 -0.596370459 0.004666161 -0.996842802 0.009851496 0.078649633
1690472424.045195 -3.350239038 -0.237023234 -0.625959516 0.005257729 -0.997057199 0.008302946 0.076029487
1690472424.111710 -3.345833778 -0.229666054 -0.648844838 0.004422079 -0.997246802 0.008970647 0.073476501
1690472424.178501 -3.341181517 -0.231881157 -0.684072256 0.004582918 -0.997431815 0.008984032 0.070909165
1690472424.245087 -3.351757526 -0.227279469 -0.699972510 0.005043156 -0.997803986 0.008694717 0.065469742
1690472424.311722 -3.341204643 -0.229143515 -0.727976918 0.004443998 -0.998016715 0.008645203 0.062194504
1690472424.378457 -3.355306625 -0.230792716 -0.749113441 0.004675603 -0.998364270 0.008359661 0.056365676
1690472424.445074 -3.363950014 -0.229834557 -0.798587441 0.005513526 -0.998635948 0.008356440 0.051244985
1690472424.582148 -3.371880531 -0.229204386 -0.833081245 0.005384136 -0.999120057 0.007463833 0.040919442
1690472424.645040 -3.358614206 -0.232047811 -0.866597772 0.005709120 -0.999274909 0.007555221 0.036879577
1690472424.845390 -3.350858927 -0.230297595 -0.944617271 0.006252996 -0.999727607 0.007588386 0.021169228
1690472424.911848 -3.352757215 -0.231238991 -0.972678900 0.006040941 -0.999855995 0.007220441 0.014124440
1690472424.978464 -3.357579947 -0.230162531 -1.022850037 0.006039537 -0.999927580 0.007886142 0.006796933
1690472425.045101 -3.357680321 -0.223930225 -1.047834277 0.005456771 -0.999949872 0.008401823 0.000147030
1690472425.111869 -3.349328995 -0.230421394 -1.075040102 0.005944821 -0.999939144 0.006897694 -0.006227574
1690472425.178840 -3.341955423 -0.231015980 -1.101197243 0.006068820 -0.999870956 0.006827308 -0.013214453
1690472425.245369 -3.340459108 -0.226392806 -1.133250237 0.005673432 -0.999749482 0.007171294 -0.020430908
1690472425.311968 -3.334408522 -0.230249763 -1.159446478 0.005142681 -0.999573410 0.006665572 -0.027967092
1690472425.445169 -3.327109575 -0.234444961 -1.189454079 0.005467803 -0.999093473 0.006044300 -0.041783731
1690472425.515914 -3.324912310 -0.230600446 -1.214344263 0.004220623 -0.998717964 0.005876922 -0.050100509
1690472425.578605 -3.318963528 -0.226527452 -1.227628231 0.004461576 -0.998323798 0.006061204 -0.057385422
1690472425.645168 -3.324959993 -0.223251820 -1.269626617 -0.004867341 0.997694790 -0.006432346 0.067379698
1690472425.711875 -3.314928770 -0.228109211 -1.294877291 -0.005609335 0.997129440 -0.005616716 0.075299375
1690472425.778506 -3.301750898 -0.227761477 -1.325224042 -0.006219289 0.996457458 -0.005497527 0.083687723
1690472425.845291 -3.289775848 -0.228723913 -1.349201918 -0.007216207 0.995677590 -0.005083616 0.092456877
1690472425.911812 -3.275083780 -0.227898598 -1.379457951 -0.007871662 0.994800508 -0.004967198 0.101416811
1690472425.978442 -3.259044647 -0.229362994 -1.397969604 -0.009215181 0.993939161 -0.004590712 0.109448485
1690472426.045351 -3.253299952 -0.223471686 -1.422655463 -0.009738444 0.992797375 -0.005154715 0.119297758
1690472426.245250 -3.225816250 -0.226619363 -1.517290711 -0.010551030 0.988496721 -0.003126589 0.150841475
1690472426.311820 -3.201422215 -0.231604502 -1.546324730 -0.010927802 0.987031519 -0.002203605 0.160139069
1690472426.378561 -3.179701328 -0.226476952 -1.562600136 -0.011198605 0.985639095 -0.002423724 0.168476865
1690472426.511850 -3.126073360 -0.233059168 -1.586925745 -0.011798698 0.982654512 -0.000550366 0.185069427
1690472426.578559 -3.123500347 -0.222925156 -1.640227914 -0.012319044 0.980047226 -0.001783531 0.198374957
1690472426.645223 -3.122694016 -0.226101518 -1.648280859 -0.013619443 0.977975309 -0.000675057 0.208275050
1690472426.715147 -3.099479675 -0.233269811 -1.660614371 -0.013432560 0.976050317 0.000712468 0.217128962
1690472426.778666 -3.085744619 -0.226226211 -1.681854486 -0.012274569 0.973658204 0.000723775 0.227680832
1690472426.845184 -3.063256741 -0.227025822 -1.699771404 -0.012481258 0.971567571 0.001143837 0.236430764
1690472426.911997 -3.042361259 -0.256170601 -1.715485692 -0.016392469 0.969463110 0.003560968 0.244662836
1690472426.978525 -2.996605635 -0.244868994 -1.731266499 -0.015899176 0.967647135 0.003233543 0.251785338
1690472427.045252 -2.983630180 -0.229651809 -1.754484057 -0.015488792 0.964899182 0.002648601 0.262149960
1690472427.113234 -2.988877535 -0.213734627 -1.807441950 -0.014418148 0.960555911 0.001871351 0.277706683
1690472427.177471 -2.967256546 -0.216112584 -1.818775654 -0.014746687 0.958011150 0.002670666 0.286339313
1690472427.312054 -2.910368443 -0.224585593 -1.849622965 -0.015073298 0.952663541 0.004531914 0.303619057
1690472427.378611 -2.883928776 -0.214949489 -1.866887808 -0.014980801 0.949615180 0.003606161 0.313039362
1690472427.578548 -2.827243090 -0.222858667 -1.857208967 -0.017138191 0.941621184 0.004592264 0.336206675
1690472427.711995 -2.775036335 -0.202856362 -1.893964648 -0.015769430 0.934537411 0.001819898 0.355510861
1690472427.778575 -2.770359039 -0.182095110 -1.967229128 -0.014688349 0.927699268 0.000082133 0.373039365
1690472427.845412 -2.741926432 -0.185942069 -1.977756023 -0.015480136 0.924001396 0.000516371 0.382075429
1690472427.911965 -2.700675964 -0.177928001 -1.983062267 -0.015400046 0.920807242 -0.000468398 0.389713675
1690472427.978586 -2.678665638 -0.170067042 -1.991879106 -0.014784759 0.917045712 -0.001722795 0.398504227
1690472428.045505 -2.630978107 -0.187510252 -1.992084026 -0.014578623 0.914116681 -0.000110599 0.405189067
1690472428.111966 -2.629291058 -0.172920734 -2.006124496 -0.013262102 0.909603477 -0.001034538 0.415264606
1690472428.178573 -2.603713989 -0.190869421 -2.011243105 -0.014899355 0.906012237 0.001140620 0.422987700
1690472428.245435 -2.580872774 -0.180320010 -2.018530846 -0.013336622 0.902008891 0.000742048 0.431510925
1690472428.311964 -2.559673786 -0.170382813 -2.026035070 -0.012218287 0.897975683 -0.000128822 0.439875513
1690472428.378773 -2.514021158 -0.157322288 -2.034436226 -0.011625141 0.894499302 -0.001800015 0.446914673
1690472428.445317 -2.489670515 -0.139820561 -2.025353432 -0.010357364 0.891176522 -0.003196985 0.453527302
1690472428.512040 -2.446912766 -0.144037232 -2.103039265 -0.012411182 0.883469105 -0.003770582 0.468309820
1690472428.578880 -2.412073612 -0.148217037 -2.100700855 -0.011679513 0.879616082 -0.002514650 0.475534260
1690472428.645374 -2.378545523 -0.154135644 -2.099182606 -0.012159031 0.875796556 -0.001984968 0.482523263
1690472428.711907 -2.346637726 -0.156454980 -2.101721287 -0.011514216 0.871770322 -0.001371090 0.489777625
1690472428.778828 -2.323909998 -0.168407664 -2.103572607 -0.012455777 0.867472529 0.000782519 0.497328579
1690472428.845318 -2.290467501 -0.179376900 -2.078514576 -0.013655529 0.864825904 0.001824284 0.501882970
1690472428.911943 -2.256984711 -0.158680677 -2.097789288 -0.012097712 0.859539509 0.000098317 0.510926068
1690472429.112104 -2.172446966 -0.145738333 -2.071648359 -0.011007877 0.849089742 0.001339324 0.528132260
1690472429.178712 -2.131828785 -0.167602032 -2.125346184 -0.011566869 0.841027796 0.003773344 0.540855169
1690472429.245315 -2.077485561 -0.167079210 -2.129064560 -0.011863731 0.837174773 0.002929444 0.546799064
1690472429.312038 -2.030990362 -0.140704036 -2.164864302 -0.010120552 0.830631018 0.000242257 0.556731224
1690472429.378669 -2.012915373 -0.147599742 -2.172003746 -0.011503195 0.825846255 0.001167524 0.563776851
1690472429.445335 -1.964728475 -0.131667882 -2.165808439 -0.009734558 0.822075248 -0.000409324 0.569295585
1690472429.512166 -1.928950310 -0.128981069 -2.165777922 -0.009134877 0.817805469 0.000327968 0.575422227
1690472429.578670 -1.901157737 -0.136482760 -2.154528141 -0.009205499 0.814009726 0.001833388 0.580775380
1690472429.645459 -1.867636800 -0.145250186 -2.175830364 -0.009050407 0.807870626 0.003313203 0.589281201
1690472429.778659 -1.795808673 -0.136547178 -2.159331322 -0.007899547 0.799259961 0.003797967 0.600921631
1690472429.845404 -1.758807898 -0.121140257 -2.182172775 -0.006163867 0.792909980 0.002125229 0.609304011
1690472429.978710 -1.711554050 -0.153607905 -2.199277401 -0.008346409 0.780649185 0.007438721 0.624869525
1690472430.112072 -1.641326308 -0.125974998 -2.189268589 -0.005832157 0.770270228 0.005359412 0.637668431
1690472430.178678 -1.598288417 -0.157512054 -2.188211918 -0.008308736 0.764357686 0.008326028 0.644685209
1690472430.245613 -1.583679676 -0.148628429 -2.167017937 -0.007794202 0.760274053 0.008452515 0.649500728
1690472430.312023 -1.556293130 -0.136501208 -2.137838840 -0.006808367 0.756793320 0.006712334 0.653584301
1690472430.378831 -1.515603065 -0.132104322 -2.142611027 -0.007551980 0.750833035 0.005219622 0.660428345
1690472430.512004 -1.245259643 -0.130991593 -2.834646225 -0.009424453 0.671899199 -0.000622806 0.740582466
1690472430.578808 -1.203191161 -0.121555373 -2.815893650 -0.008484528 0.665162504 -0.001338317 0.746649265
1690472430.645486 -1.161935806 -0.131787464 -2.807211399 -0.009434839 0.657624841 -0.000757651 0.753286183
1690472430.712047 -1.127443671 -0.131113887 -2.801737309 -0.009416922 0.650069356 -0.001477177 0.759815216
1690472430.778925 -1.090857983 -0.124017172 -2.788606882 -0.008002847 0.642846227 -0.001062660 0.765952766
1690472430.912916 -1.020332098 -0.119024098 -2.755207539 -0.006538517 0.628935099 -0.001006222 0.777429700
1690472430.978964 -0.978610039 -0.111353502 -2.755777121 -0.005668107 0.620084047 -0.001700444 0.784513116
1690472431.045483 -0.936112285 -0.121214107 -2.738531113 -0.006457660 0.611936808 -0.000366259 0.790880263
1690472431.179114 -0.843343616 -0.079695895 -2.710039616 -0.001713461 0.594854772 -0.004346755 0.803819597
1690472431.245445 -0.810988724 -0.085868284 -2.696450710 -0.002039233 0.586426914 -0.003829454 0.809990585
1690472431.312363 -0.773522437 -0.102917083 -2.683774471 -0.003071261 0.577302456 -0.001779180 0.816522777
1690472431.378799 -0.760608971 -0.097971804 -2.655080795 -0.003245109 0.570870280 -0.001422996 0.821032643
1690472431.445422 -0.760467350 -0.097299866 -2.606620312 -0.002945097 0.566684425 0.000260858 0.823929727
1690472431.579261 -0.709726155 -0.063155152 -2.595328331 0.001976847 0.547380447 -0.002323093 0.836878359
1690472431.645461 -0.675455868 -0.064852670 -2.573144197 0.001897190 0.537724733 -0.002147554 0.843115628
1690472431.712299 -0.622791886 -0.046217836 -2.565794468 0.003553012 0.526088953 -0.003943312 0.850412965
1690472431.845590 -0.587739527 -0.059945416 -2.519890547 0.001803752 0.508202970 -0.003047186 0.861230135
1690472431.912191 -0.565437376 -0.064262539 -2.497831345 0.001723491 0.498045117 -0.002564426 0.867145717
1690472431.978854 -0.522372425 -0.056104921 -2.481424332 0.003069784 0.486452490 -0.002799469 0.873697162
1690472432.045555 -0.502232552 -0.060915511 -2.460793972 0.002519370 0.476127326 -0.002107093 0.879370272
1690472432.112571 -0.481933743 -0.071409509 -2.437538624 0.001531644 0.465837836 -0.001345840 0.884867787
1690472432.178839 -0.470285714 -0.066231132 -2.410572052 0.001504450 0.457006693 -0.001573190 0.889460683
1690472432.249629 -0.435124755 -0.063951150 -2.379165411 0.001793961 0.445828944 -0.001915692 0.895114422
1690472432.312515 -0.394727588 -0.067149602 -2.371921301 0.001575362 0.432770610 -0.002372756 0.901499629
1690472432.378847 -0.410223037 -0.056882702 -2.323182106 0.002846671 0.426424563 -0.002848712 0.904514194
1690472432.445706 -0.379982233 -0.052427243 -2.303076267 0.003432340 0.414713413 -0.002261767 0.909942865
1690472432.578963 -0.422601908 -0.086981870 -2.244354010 -0.001866875 0.400433868 0.002210853 0.916321099
1690472432.645634 -0.398788899 -0.089041956 -2.207333326 -0.002726945 0.389612049 0.002609035 0.920971334
1690472432.712202 -0.380663842 -0.088914938 -2.175951719 -0.003089965 0.378416359 0.002610242 0.925626695
1690472432.778929 -0.362399012 -0.086640321 -2.157266140 -0.003280920 0.366314799 0.002438462 0.930482030
1690472432.912669 -0.342673242 -0.092213906 -2.098619461 -0.004580250 0.345124364 0.003552699 0.938539088
1690472432.978699 -0.325764477 -0.081412487 -2.071651459 -0.003086714 0.333987772 0.003430458 0.942566156
1690472433.045591 -0.298266560 -0.076455362 -2.046809912 -0.002583493 0.321840703 0.004101130 0.946781456
1690472433.112457 -0.295390964 -0.084724411 -2.022509813 -0.003199932 0.310700566 0.005680980 0.950485528
1690472433.245849 -0.273567021 -0.076471001 -1.961756229 -0.002034535 0.289645344 0.005348373 0.957116961
1690472433.312414 -0.254734576 -0.073144898 -1.930995226 -0.001867373 0.278807789 0.004224184 0.960335791
1690472433.378899 -0.259240210 -0.074881949 -1.891857028 -0.001585415 0.270388842 0.004789290 0.962738037
1690472433.445597 -0.247326747 -0.070425160 -1.867639184 -0.000964247 0.259643286 0.004935285 0.965691566
1690472433.512551 -0.255023301 -0.092806906 -1.874255657 -0.004099943 0.249158502 0.006274167 0.968433738
1690472433.578997 -0.232811257 -0.079691179 -1.842803001 -0.002663318 0.238066420 0.005952346 0.971227050
1690472433.646635 -0.231254220 -0.088571556 -1.811571121 -0.003883122 0.228877321 0.006411904 0.973426402
1690472433.714644 -0.239182666 -0.100114688 -1.784039855 -0.004978145 0.220241651 0.007684819 0.975402355
1690472433.778879 -0.236281425 -0.094271891 -1.747921824 -0.003746928 0.211966589 0.006172538 0.977250218
1690472433.845727 -0.225950718 -0.095570624 -1.719007015 -0.003540969 0.201794639 0.006455331 0.979400277
1690472433.912322 -0.224714905 -0.092605859 -1.693493247 -0.002654769 0.193038121 0.005807375 0.981170535
1690472433.979156 -0.222086251 -0.095599391 -1.655620813 -0.002566030 0.184724003 0.004861987 0.982775092
1690472434.045725 -0.231818154 -0.094916776 -1.626082301 -0.002494058 0.177916512 0.004924381 0.984030128
1690472434.116315 -0.215958729 -0.089175664 -1.586286545 -0.001928242 0.168531999 0.004644278 0.985683382
1690472434.179339 -0.215986773 -0.103849724 -1.564858079 -0.003441377 0.160492435 0.005740844 0.987014413
1690472434.312431 -0.226569965 -0.102991730 -1.508901238 -0.003315380 0.147706077 0.005876023 0.989008367
1690472434.378923 -0.186259329 -0.066907674 -1.477911115 -0.001373836 0.137256220 0.003718211 0.990527689
1690472434.445881 -0.183055952 -0.069567554 -1.439898372 -0.001716687 0.129867837 0.004289197 0.991520584
1690472434.512297 -0.188241288 -0.066482216 -1.405344605 -0.001037434 0.123927116 0.004079705 0.992282450
1690472434.645724 -0.185123339 -0.066693440 -1.353296876 -0.001475034 0.111253940 0.003392063 0.993785203
1690472434.779014 -0.180422366 -0.061417338 -1.288826942 -0.001796301 0.100549728 0.001586311 0.994929194
1690472434.845807 -0.172895715 -0.064829201 -1.275722861 -0.003003902 0.094320312 0.001360206 0.995536447
1690472434.979063 -0.163461581 -0.054347698 -1.206259966 -0.002632476 0.086177438 -0.000427923 0.996276259
1690472435.045785 -0.169257775 -0.052184008 -1.168244481 -0.002205654 0.083480939 -0.000578125 0.996506751
1690472435.114148 -0.169088468 -0.058869191 -1.148292899 -0.003183872 0.080232196 0.000437552 0.996771097
1690472435.178998 -0.176557332 -0.050883155 -1.123375416 -0.002342203 0.077622943 0.002369410 0.996977270
1690472435.245781 -0.151041552 -0.058411930 -1.089321494 -0.003387432 0.072172269 0.001730263 0.997384965
1690472435.445724 -0.138835222 -0.051961586 -0.893730521 -0.003795752 0.065593027 0.000329316 0.997839212
1690472435.513120 -0.136210024 -0.056837671 -0.855743587 -0.004478559 0.062529646 -0.000098076 0.998033047
1690472435.578499 -0.136340871 -0.056723505 -0.831831932 -0.005287193 0.060589153 -0.000222164 0.998148799
1690472435.645734 -0.131154567 -0.056882411 -0.808241546 -0.005596697 0.057774238 -0.000612450 0.998313844
1690472435.713663 -0.130791336 -0.055890534 -0.772158921 -0.005104968 0.055602171 -0.000585741 0.998439848
1690472435.779046 -0.111258246 -0.032018490 -0.735521495 -0.002134840 0.051589191 -0.000685723 0.998665929
1690472435.845874 -0.121950068 -0.050504304 -0.708894134 -0.004908168 0.050799370 -0.000139660 0.998696864
1690472435.913547 -0.126855716 -0.047810234 -0.692985475 -0.004697123 0.049552612 0.000367038 0.998760402
1690472435.979156 -0.097898617 -0.047555566 -0.654610932 -0.004361392 0.044214223 0.000329165 0.999012530
1690472436.045885 -0.118399329 -0.052630343 -0.626255155 -0.005022713 0.044806026 0.000197568 0.998983145
1690472436.112446 -0.145386457 -0.058412205 -0.598210156 -0.005995054 0.046777025 0.000343021 0.998887300
1690472436.180401 -0.160493001 -0.062245257 -0.580438495 -0.007214714 0.047186144 0.001025157 0.998859525
1690472436.246059 -0.151045412 -0.033584379 -0.479560405 -0.004361590 0.044248015 0.002787187 0.999007165
1690472436.312484 -0.150773913 -0.037249923 -0.447604716 -0.005314548 0.042390376 0.002983127 0.999082565
1690472436.379090 -0.154192433 -0.035693053 -0.419050246 -0.005598325 0.040901117 0.002920900 0.999143243
1690472436.446092 -0.157934934 -0.036299117 -0.385047168 -0.005811825 0.039357148 0.002752234 0.999204576
1690472436.512500 -0.167162687 -0.037284814 -0.355510950 -0.006108098 0.039239980 0.002565237 0.999207854
1690472436.579440 -0.172690243 -0.037245117 -0.326006204 -0.006523440 0.038249183 0.002361798 0.999244153
1690472436.645984 -0.176166564 -0.033703849 -0.291563302 -0.006210337 0.037049644 0.002569738 0.999290824
1690472436.715249 -0.174868464 -0.047289260 -0.264593691 -0.008304288 0.035468847 0.002208231 0.999333918
1690472436.779299 -0.170266598 -0.042227577 -0.228891015 -0.007056345 0.032551803 0.002944711 0.999440849
1690472436.979281 -0.144497260 -0.029326379 -0.165607765 -0.006649625 0.024965966 0.002788025 0.999662340
1690472437.045942 -0.166027278 -0.043461636 -0.140100762 -0.008622099 0.025724003 0.001673030 0.999630570
1690472437.112913 -0.158474565 -0.038489547 -0.118181244 -0.007510042 0.023738679 0.000740832 0.999689758
1690472437.178823 -0.161798343 -0.026849668 -0.011517542 -0.006750971 0.021473305 0.002147906 0.999744356
1690472437.245877 -0.166526645 -0.030133557 0.022744540 -0.007886376 0.019836728 0.002379029 0.999769330
1690472437.377682 -0.168098629 -0.035620585 0.083682269 -0.008723647 0.016197462 0.002226368 0.999828339
1690472437.446067 -0.181011915 -0.038716897 0.125989646 -0.008923301 0.015685055 0.002166560 0.999834836
1690472437.512572 -0.185525239 -0.039407000 0.157122463 -0.008925924 0.013267063 0.003065192 0.999867499
1690472437.579179 -0.196123064 -0.038259633 0.194463402 -0.008429557 0.011764599 0.003852225 0.999887884
1690472437.712636 -0.202265605 -0.030122744 0.264410406 -0.007592133 0.006161188 0.005967148 0.999934435
1690472437.779190 -0.201440439 -0.040457506 0.293682963 -0.009123173 0.003157919 0.005376884 0.999938965
1690472437.845859 -0.195216849 -0.034050308 0.324542731 -0.009017039 -0.001709535 0.005801729 0.999941111
1690472437.913272 -0.191422343 -0.032734487 0.352659822 -0.009247430 -0.005317090 0.005944101 0.999925494
1690472438.112541 -0.223172396 -0.013694030 0.434293658 -0.008159152 -0.014816859 0.006031262 0.999838769
1690472438.179170 -0.270365447 -0.010617176 0.498837113 -0.007355065 -0.016394110 0.008246810 0.999804556
1690472438.245985 -0.274040729 -0.001421834 0.537814856 -0.006057119 -0.020830102 0.007384129 0.999737442
1690472438.312586 -0.303195387 -0.015059245 0.574588180 -0.008137752 -0.024339482 0.008690603 0.999632895
1690472438.446095 -0.328501374 -0.020810660 0.671644270 -0.007522244 -0.032986622 0.007792592 0.999397159
1690472438.512819 -0.381505936 -0.011407917 0.733440697 -0.006333126 -0.035591014 0.010081212 0.999295533
1690472438.579305 -0.431834251 -0.014734463 0.775379002 -0.006051397 -0.036472194 0.012017710 0.999244094
1690472438.712564 -0.468403429 -0.013349017 0.862101197 -0.005300982 -0.049200747 0.013649862 0.998681605
1690472438.845961 -0.477060050 -0.011693508 0.941866755 -0.005974222 -0.065751575 0.015435326 0.997698784
1690472438.912549 -0.522869289 -0.033150185 0.994860947 -0.006833608 -0.070363827 0.014616209 0.997390985
1690472438.979443 -0.561159074 -0.022408688 1.036634326 -0.006216466 -0.076418661 0.017770302 0.996898115
1690472439.045985 -0.564787984 -0.024100743 1.055864215 -0.006653181 -0.084859192 0.016986072 0.996226013
1690472439.112704 -0.584454894 -0.000496839 1.095784903 -0.003715345 -0.093171738 0.019395482 0.995454192
1690472439.181858 -0.595352352 -0.003575395 1.115890503 -0.003980021 -0.101574183 0.018761152 0.994643092
1690472439.245923 -0.618402839 -0.004410169 1.152493000 -0.004128332 -0.111322135 0.020465156 0.993565023
1690472439.314159 -0.623560309 -0.004621559 1.184903026 -0.003078318 -0.122045673 0.018870100 0.992340326
1690472439.379162 -0.637498856 -0.000371766 1.228700995 -0.002496742 -0.133023381 0.019099239 0.990925729
1690472439.445964 -0.673989713 -0.010940706 1.292707562 -0.003555510 -0.143820062 0.020615889 0.989382744
1690472439.513760 -0.692104042 -0.001205666 1.318174601 -0.001973432 -0.154179811 0.020729972 0.987823367
1690472439.578272 -0.719163060 -0.018784242 1.348714948 -0.004036109 -0.164927587 0.020812308 0.986077845
1690472439.645952 -0.738503456 -0.016869979 1.375295758 -0.002310724 -0.176223367 0.019743629 0.984149456
1690472439.779431 -0.766761303 -0.007254787 1.433878779 -0.001397697 -0.201312825 0.021843402 0.979282439
1690472439.845939 -0.782547534 -0.007564114 1.470194459 -0.000115558 -0.214301661 0.020136062 0.976559937
1690472439.912871 -0.811813712 -0.018263498 1.487100601 -0.000968986 -0.225676030 0.019943576 0.973997772
1690472440.046099 -0.859322071 -0.028702805 1.523269176 -0.001922210 -0.248821139 0.019616473 0.968348920
1690472440.179320 -0.911145568 -0.023813892 1.583163500 -0.000940623 -0.273350596 0.020396007 0.961697757
1690472440.246063 -0.933395267 -0.021963814 1.620292664 -0.000749163 -0.286352158 0.021741005 0.957877517
1690472440.379350 -0.974556863 -0.002089163 1.658876181 0.002278276 -0.310287625 0.021284746 0.950401723
1690472440.446201 -1.006747365 -0.010789637 1.681423783 0.001175731 -0.321805298 0.021290958 0.946565747
1690472440.516833 -1.038013458 -0.013352393 1.709206343 0.000933107 -0.333335817 0.021178486 0.942569792
1690472440.579455 -1.071314812 -0.015614253 1.720836997 0.000719616 -0.344856977 0.021553347 0.938407481
1690472440.646201 -1.101465344 -0.019576019 1.746054888 0.000467012 -0.357070357 0.021676639 0.933825910
1690472440.712701 -1.123937845 -0.019026507 1.765791893 0.000523670 -0.369404674 0.021635259 0.929016590
1690472440.912839 -1.188644409 0.000263833 1.808540583 0.002235930 -0.403776705 0.023217555 0.914560258
1690472440.979304 -1.224071503 -0.007984776 1.833642721 0.002470098 -0.416264504 0.022570349 0.908960044
1690472441.046076 -1.248008609 -0.012075510 1.843252182 0.001581646 -0.427089512 0.023766318 0.903895617
1690472441.179447 -1.300485373 -0.002394028 1.859025478 0.003464208 -0.448130876 0.023556190 0.893650889
1690472441.312815 -1.375142097 -0.006520543 1.887253761 0.004191016 -0.469286472 0.023556417 0.882721841
1690472441.379525 -1.406141281 0.004478678 1.889410496 0.005467110 -0.478883982 0.024449809 0.877520680
1690472441.446064 -1.419285893 0.009554990 1.881609559 0.005964453 -0.488031954 0.024777999 0.872453630
1690472441.512833 -1.435490608 0.007479019 1.870318890 0.005909736 -0.496893525 0.025021471 0.867430687
1690472441.579457 -1.454231501 -0.001226723 1.877380252 0.005957872 -0.506968975 0.024065433 0.861607790
1690472441.646066 -1.486045837 -0.005346313 1.878275514 0.006097047 -0.515794933 0.024010694 0.856353879
1690472441.779462 -1.537193060 -0.009529509 1.883117795 0.006953258 -0.533015728 0.024591034 0.845719397
1690472441.913115 -1.597950697 -0.030549392 1.873083234 0.005906786 -0.547203124 0.023594053 0.836646378
1690472441.979415 -1.602409005 -0.027463436 1.883571029 0.006202358 -0.555248439 0.023367757 0.831333101
1690472442.046172 -1.620215654 -0.022914480 1.880156875 0.007038326 -0.561794996 0.023713255 0.826906681
1690472442.116799 -1.628717899 -0.024787672 1.877846599 0.007191536 -0.567759871 0.022598578 0.822852552
1690472442.179457 -1.666483283 -0.039034300 1.876723409 0.006423475 -0.573735595 0.022149395 0.818715870
1690472442.246295 -1.682420731 -0.042956304 1.884292960 0.006269893 -0.580188036 0.020185439 0.814208210
1690472442.313358 -1.706483245 -0.042590540 1.892930627 0.006796254 -0.586424053 0.019913822 0.809730887
1690472442.379422 -1.744541645 -0.048669215 1.894861460 0.006313392 -0.592360198 0.019397613 0.805415034
1690472442.446372 -1.768434763 -0.045595516 1.882738829 0.005337073 -0.597089171 0.019741632 0.801914155
1690472442.513676 -1.788489103 -0.077217773 1.906941295 0.002609557 -0.603998542 0.017151352 0.796796620
1690472442.579417 -1.812286377 -0.045112878 1.909843564 0.003406172 -0.609809875 0.018815495 0.792317092
1690472442.646353 -1.832984209 -0.055503745 1.904813766 0.002392009 -0.615422189 0.017648194 0.787996471
1690472442.913591 -1.941183090 -0.025648523 1.863448858 0.005352114 -0.635202289 0.019395836 0.772083700
1690472442.978747 -1.977793455 -0.022370081 1.820601940 0.006284309 -0.638688266 0.020585962 0.769164562
1690472443.046171 -1.996721864 -0.037930295 1.858025074 0.005654006 -0.646391273 0.020180956 0.762718260
1690472443.112796 -2.009493828 -0.034964737 1.867967367 0.006026964 -0.652822137 0.021262156 0.757188797
1690472443.179686 -2.021041870 -0.036260154 1.870482922 0.006532325 -0.659228623 0.021369558 0.751610518
1690472443.246178 -2.043128014 -0.051841095 1.876575470 0.005455337 -0.665861905 0.020894689 0.745762467
1690472443.312798 -2.073276281 -0.052070368 1.869801044 0.005675908 -0.671288073 0.022062609 0.740846455
1690472443.379678 -2.101760864 -0.050706942 1.872471333 0.006716729 -0.678155184 0.022984942 0.734528601
1690472443.512903 -2.155476809 -0.041113537 1.861305237 0.008661643 -0.690826416 0.026668068 0.722476780
1690472443.646200 -2.181566238 -0.063029051 1.819606066 0.008808960 -0.703392804 0.027575919 0.710211694
1690472443.712939 -2.213955164 -0.068161801 1.809177399 0.008992534 -0.710304201 0.028587526 0.703256607
1690472443.779535 -2.212630749 -0.078077190 1.803067207 0.008519123 -0.717692256 0.028761217 0.695714116
1690472443.979568 -2.208416700 -0.044546738 1.787232637 0.016152017 -0.737183928 0.029874485 0.674838126
1690472444.046207 -2.260304689 -0.059128664 1.790279388 0.013929334 -0.747726202 0.029230792 0.663217306
1690472444.113078 -2.294162035 -0.066536143 1.755669355 0.012901764 -0.753977537 0.030082133 0.656084239
1690472444.179639 -2.326843023 -0.070461400 1.749559402 0.013525701 -0.762332797 0.029302111 0.646380126
1690472444.312942 -2.335823774 -0.071251363 1.737690687 0.012984278 -0.776983976 0.029760230 0.628682494
1690472444.446393 -2.356198549 -0.075965717 1.709570408 0.012306497 -0.791832685 0.029872343 0.609882891
1690472444.512924 -2.374932528 -0.084562972 1.711119175 0.011197103 -0.799410343 0.030121492 0.599925458
1690472444.579534 -2.397200108 -0.099420302 1.712939024 0.010112801 -0.806809127 0.028564457 0.590034604
1690472444.714664 -2.439146519 -0.108082093 1.680725336 0.009840883 -0.820088565 0.027707946 0.571480751
1690472444.779715 -2.464100361 -0.103900105 1.667864323 0.009243426 -0.827255368 0.028283756 0.561037660
1690472444.849855 -2.491426468 -0.113320000 1.652185202 0.008925766 -0.833954573 0.027254233 0.551087499
1690472444.912965 -2.504091740 -0.111395694 1.635257244 0.008789149 -0.840125144 0.027483322 0.541624725
1690472444.983744 -2.514608622 -0.123148464 1.613765717 0.007041000 -0.846032381 0.026961748 0.532402873
1690472445.114967 -2.555227757 -0.120724276 1.570428133 0.006974625 -0.858143270 0.027172001 0.512643397
1690472445.179821 -2.625373125 -0.121703744 1.552002668 0.007388901 -0.866177559 0.027561026 0.498921126
1690472445.246350 -2.651262283 -0.112286687 1.547637224 0.008663072 -0.872628331 0.027747611 0.487519056
1690472445.314256 -2.669320583 -0.124578267 1.533591270 0.008063499 -0.878592968 0.026655549 0.476758778
1690472445.379856 -2.684545279 -0.125653371 1.497697830 0.008525866 -0.883801043 0.026015459 0.467061311
1690472445.514351 -2.758504868 -0.129171863 1.445315599 0.008956437 -0.895590425 0.026015317 0.444027930
1690472445.578415 -2.756828785 -0.149508759 1.434955120 0.007216622 -0.900417805 0.024120657 0.434297144
1690472445.646321 -2.768878460 -0.148019060 1.406645775 0.006740774 -0.905256987 0.024286646 0.424116224
1690472445.713103 -2.791882277 -0.142986953 1.369751811 0.006920949 -0.910095632 0.025436727 0.413559020
1690472445.779694 -2.803063393 -0.168918222 1.349893689 0.006814962 -0.915017664 0.022812985 0.402710676
1690472445.913258 -2.835946083 -0.153308555 1.311763048 0.006240855 -0.924689531 0.024061520 0.379909843
1690472445.979669 -2.842549801 -0.152986228 1.284201264 0.005649354 -0.928917289 0.024323996 0.369444400
1690472446.046337 -2.851255655 -0.169629574 1.258564949 0.004710735 -0.932981372 0.023156203 0.359148204
1690472446.114075 -2.870065928 -0.176307142 1.237318158 0.004330374 -0.937282681 0.022484533 0.347817451
1690472446.246489 -2.906891346 -0.173360109 1.182874322 0.004649224 -0.945074081 0.022425754 0.326052934
1690472446.379706 -2.922599316 -0.179685593 1.139388323 0.003777919 -0.951865852 0.021461692 0.305739462
1690472446.446465 -2.948320866 -0.171645999 1.124078989 0.003803535 -0.955580473 0.022048080 0.293879867
1690472446.513042 -2.948752880 -0.168727338 1.084252477 0.003398883 -0.958180547 0.022404265 0.285265863
1690472446.646669 -2.975988865 -0.175851032 1.036102772 0.004552996 -0.963917077 0.021404803 0.265301943
1690472446.713166 -2.979020596 -0.160690054 1.007642746 0.003979702 -0.966457903 0.023180587 0.255745858
1690472446.779790 -2.977953911 -0.194293290 0.982276201 0.003312043 -0.968690336 0.020411737 0.247409508
1690472446.846554 -2.985938311 -0.180032730 0.961625457 0.003102682 -0.970973313 0.021172358 0.238228768
1690472446.917156 -2.988871813 -0.175093561 0.913265347 0.003730916 -0.972724557 0.021676075 0.230918288
1690472447.046432 -2.999922752 -0.191379175 0.861793876 0.004095152 -0.976016760 0.020160962 0.216721267
1690472447.113158 -3.018010616 -0.180231303 0.834392965 0.004591141 -0.977541924 0.021160735 0.209625825
1690472447.180070 -3.032518148 -0.191021517 0.817026496 0.003304299 -0.979054749 0.019729050 0.202612430
1690472447.249553 -3.038970947 -0.189595401 0.781625688 0.003038975 -0.980188727 0.019576542 0.197072476
1690472447.313033 -3.042754412 -0.177781284 0.749697089 0.003379051 -0.981085896 0.021017797 0.192398831
1690472447.446926 -3.076064348 -0.190480381 0.696094811 0.003809209 -0.983380139 0.019307364 0.180488989
1690472447.513194 -3.085661888 -0.195883751 0.662995934 0.004086658 -0.984213948 0.019026469 0.175909683
1690472447.579934 -3.090392113 -0.199820668 0.641386628 0.004437001 -0.984986246 0.018691789 0.171560764
1690472447.646560 -3.105774164 -0.200674921 0.621827006 0.003874393 -0.985829353 0.018236151 0.166712314
1690472447.713221 -3.103333950 -0.206449375 0.596701026 0.004769004 -0.986325502 0.017762017 0.163779914
1690472447.913342 -3.099024773 -0.212213516 0.513585508 0.004179734 -0.987697959 0.016976038 0.155393615
1690472447.979822 -3.124593973 -0.211766124 0.486735821 0.004533245 -0.988516510 0.017434902 0.150035217
1690472448.046462 -3.128739595 -0.206294000 0.468573868 0.004945373 -0.988900900 0.017801329 0.147423461
1690472448.113315 -3.132436275 -0.205210775 0.445164979 0.004757984 -0.989352465 0.018128032 0.144327834
1690472448.180741 -3.134173155 -0.212246090 0.422704101 0.004558476 -0.989592552 0.017663661 0.142737031
1690472448.246592 -3.147230625 -0.210311055 0.397405446 0.004710468 -0.990020394 0.018163070 0.139669329
1690472448.379794 -3.153954029 -0.218792975 0.328482747 0.004310975 -0.990538239 0.017591182 0.136036992
1690472448.450545 -3.171163321 -0.215587914 0.302773714 0.004369372 -0.990891933 0.017664578 0.133424833
1690472448.646672 -3.174150229 -0.221559569 0.233929753 0.003564808 -0.991249561 0.016918784 0.130863845
1690472448.779896 -3.192247629 -0.222125322 0.183509350 0.004231021 -0.991547704 0.016736886 0.128588974
1690472448.846676 -3.194617987 -0.228567258 0.154244781 0.004025428 -0.991611898 0.015815429 0.128217116
1690472448.913307 -3.211406946 -0.213129044 0.134010553 0.003876619 -0.991822243 0.017051252 0.126423553
1690472448.979810 -3.212861061 -0.219696105 0.112331390 0.003954078 -0.991901755 0.016146107 0.125915155
1690472449.046763 -3.220221996 -0.221104339 0.079050660 0.003447610 -0.992110372 0.015785698 0.124322280
1690472449.113334 -3.226387739 -0.217754230 0.048876286 0.002839809 -0.992196023 0.016516248 0.123556912
1690472449.179919 -3.233634710 -0.217084944 0.029457211 0.003167184 -0.992327571 0.016014917 0.122554563
1690472449.246585 -3.244551182 -0.217744291 0.005734682 0.002966155 -0.992486119 0.015964827 0.121275283
1690472449.313209 -3.242657185 -0.223804221 -0.026383281 0.002622818 -0.992569804 0.015128108 0.120704018
1690472449.513151 -3.259580612 -0.226976454 -0.093474746 0.002987087 -0.992997468 0.013688446 0.117302254
1690472449.580075 -3.266152859 -0.222857788 -0.114851356 0.003796643 -0.993126750 0.013552528 0.116195001
1690472449.714995 -3.281115770 -0.220346496 -0.176624417 0.003674657 -0.993449211 0.013524497 0.113412291
1690472449.778326 -3.285830736 -0.217591554 -0.205256820 0.003434826 -0.993560016 0.013790613 0.112412088
1690472449.846592 -3.293893099 -0.222973630 -0.221629262 0.003069491 -0.993739665 0.013372038 0.110875115
1690472449.913312 -3.297664642 -0.224097401 -0.245171189 0.003430079 -0.993841529 0.012632114 0.110035770
1690472450.046589 -3.305477381 -0.225012690 -0.293738246 0.003572554 -0.994118690 0.012440570 0.107519887
1690472450.113467 -3.309060335 -0.227397785 -0.314985752 0.004101884 -0.994192064 0.011638910 0.106910706
1690472450.179921 -3.322862625 -0.231276959 -0.341749191 0.003882532 -0.994476318 0.011454235 0.104262657
1690472450.246579 -3.321873426 -0.223933876 -0.355803847 0.003739214 -0.994460046 0.011775637 0.104386471
1690472450.313462 -3.330488205 -0.221557498 -0.380969405 0.004698309 -0.994611382 0.011885308 0.102883570
1690472450.379958 -3.337481022 -0.221934348 -0.409589171 0.005043326 -0.994794607 0.011636705 0.101108193
1690472450.446735 -3.336444855 -0.231120348 -0.442037106 0.004511370 -0.994878232 0.010342566 0.100449286
1690472450.579940 -3.359590769 -0.224876776 -0.483320832 0.005454259 -0.995352328 0.010418130 0.095580131
1690472450.646727 -3.365191698 -0.222761214 -0.503804326 0.005792265 -0.995469451 0.010439242 0.094329916
1690472450.714440 -3.370029688 -0.228977248 -0.524490118 0.005241124 -0.995639682 0.009480322 0.092651650
1690472450.779966 -3.371079922 -0.228856400 -0.551435232 0.004258542 -0.995811164 0.009136556 0.090877160
1690472450.846837 -3.374928236 -0.227228835 -0.583587885 0.004558324 -0.995907843 0.009255438 0.089784838
1690472450.913649 -3.371423721 -0.231443703 -0.613310575 0.003803653 -0.996035576 0.008847088 0.088433497
1690472450.979750 -3.382216454 -0.228782311 -0.642778873 0.004624340 -0.996261418 0.009020012 0.085793450
1690472451.046687 -3.386795521 -0.229976401 -0.671190739 0.003750332 -0.996462822 0.008766737 0.083492339
1690472451.113633 -3.387718201 -0.228681266 -0.691555858 0.004349791 -0.996678591 0.008920082 0.080829859
1690472451.179730 -3.392106533 -0.230359152 -0.712006927 0.004429693 -0.996932924 0.008680448 0.077652231
1690472451.315045 -3.400991201 -0.228344873 -0.760415554 0.004838351 -0.997465909 0.008743402 0.070441231
1690472451.380149 -3.397855282 -0.225454807 -0.783664465 0.005085493 -0.997708499 0.008781098 0.066894621
1690472451.513335 -3.393651009 -0.230260581 -0.837151051 0.004660141 -0.998252153 0.007443639 0.058443926
1690472451.580181 -3.401305676 -0.227088913 -0.871897221 0.005418817 -0.998583078 0.008003637 0.052331079
1690472451.646686 -3.402471066 -0.233811542 -0.895591974 0.005367721 -0.998871982 0.007401619 0.046597272
1690472451.713508 -3.398641348 -0.230049193 -0.923176765 0.005077121 -0.999132454 0.007737334 0.040606245
1690472451.780104 -3.398851395 -0.230598465 -0.948509812 0.005700000 -0.999368489 0.007549773 0.034250788
1690472451.846700 -3.398637295 -0.229605213 -0.977461100 0.005181890 -0.999592185 0.007285261 0.027120199
1690472451.913428 -3.401185036 -0.229293615 -1.013389111 0.005073921 -0.999761641 0.007894956 0.019715494
1690472452.046724 -3.389761686 -0.230812013 -1.056967735 0.004662014 -0.999942780 0.006967848 0.006648328
1690472452.113621 -3.390602112 -0.234035552 -1.088027835 -0.004895378 0.999965489 -0.006592413 0.001302697
1690472452.180046 -3.384147406 -0.231727704 -1.110896349 -0.004827841 0.999924719 -0.006360225 0.009325616
1690472452.246715 -3.382075787 -0.226296097 -1.134668589 -0.004138229 0.999820113 -0.006986692 0.017142933
1690472452.313557 -3.377957344 -0.228121012 -1.151592135 -0.004864451 0.999649942 -0.006971044 0.025056418
1690472452.380052 -3.374062538 -0.225708336 -1.181697845 -0.004674596 0.999403179 -0.006852683 0.033533461
1690472452.446801 -3.371021748 -0.226171508 -1.212134361 -0.005067584 0.999083638 -0.006725546 0.041965518
1690472452.513438 -3.356657505 -0.231006429 -1.227909803 -0.003904078 0.998762608 -0.005800827 0.049238931
1690472452.580046 -3.364584208 -0.231166258 -1.250779152 -0.004934805 0.998202980 -0.006401201 0.059376314
1690472452.780081 -3.330459118 -0.234139025 -1.337109804 -0.005763980 0.996269882 -0.004937975 0.085958347
1690472452.846977 -3.334975004 -0.228645936 -1.375217676 -0.004726453 0.995245993 -0.005312906 0.097133510
1690472452.980016 -3.321052074 -0.231057286 -1.415467024 -0.007152937 0.993255019 -0.004571912 0.115639105
1690472453.113617 -3.289071798 -0.231223434 -1.469644308 -0.008383847 0.990846395 -0.003875315 0.134677961
1690472453.180188 -3.280673265 -0.231201261 -1.497130632 -0.009236886 0.989343822 -0.003794217 0.145255208
1690472453.246835 -3.261524439 -0.230804324 -1.522214890 -0.009834096 0.987927556 -0.003225334 0.154570937
1690472453.313966 -3.250060081 -0.234474048 -1.553660750 -0.011361397 0.986281276 -0.002787187 0.164658591
1690472453.379737 -3.231216192 -0.224358618 -1.583484650 -0.010824174 0.984623969 -0.003095896 0.174324363
1690472453.446806 -3.207363844 -0.221858889 -1.614865541 -0.011536106 0.982917190 -0.003212882 0.183658436
1690472453.513655 -3.198380232 -0.221195951 -1.630943775 -0.011618629 0.981043756 -0.001835358 0.193429038
1690472453.580137 -3.180340052 -0.219265223 -1.652035356 -0.012427854 0.979158223 -0.002092504 0.202707663
1690472453.646823 -3.162293434 -0.219547674 -1.673665404 -0.012058174 0.977257073 -0.001244505 0.211711362
1690472453.713639 -3.161438465 -0.220341474 -1.700588584 -0.013263316 0.974888146 -0.000302081 0.222299829
1690472453.846801 -3.117051363 -0.213180095 -1.749275208 -0.012321157 0.970527768 0.000557581 0.240673751
1690472453.913590 -3.103984594 -0.214390621 -1.762278318 -0.012882655 0.968267143 0.000852825 0.249583796
1690472453.980173 -3.071071148 -0.209405869 -1.800228000 -0.013282829 0.965777278 0.000608962 0.259031862
1690472454.046967 -3.041905642 -0.201986909 -1.825485110 -0.012082228 0.963298500 0.000622153 0.268159807
1690472454.113920 -3.023413181 -0.204551324 -1.846883535 -0.012881325 0.960736036 0.001204251 0.277162284
1690472454.184578 -2.998691082 -0.202746734 -1.864268064 -0.012706572 0.958151817 0.001686061 0.285973758
1690472454.247190 -2.973294497 -0.211679250 -1.885146737 -0.013924062 0.955284357 0.002981371 0.295345575
1690472454.313656 -2.945745707 -0.210806400 -1.896809578 -0.013948174 0.952687085 0.003139613 0.303616524
1690472454.380263 -2.925678968 -0.213978201 -1.914509416 -0.015318192 0.949733853 0.003562597 0.312663436
1690472454.446965 -2.906942844 -0.210031182 -1.936927438 -0.015157632 0.946320593 0.003761040 0.322852314
1690472454.580179 -2.860571861 -0.198005646 -1.968712807 -0.015857058 0.939529240 0.001944572 0.342096031
1690472454.646947 -2.823898315 -0.207058549 -1.980745554 -0.017439064 0.936290562 0.002643199 0.350783318
1690472454.713597 -2.825366735 -0.193057165 -2.007395744 -0.016944731 0.931886196 0.001004317 0.362353474
1690472454.780191 -2.782657623 -0.185790300 -2.017404079 -0.016313612 0.928759217 -0.000228541 0.370324433
1690472454.847100 -2.746781111 -0.179975480 -2.033625126 -0.016680874 0.925314546 -0.000800409 0.378832549
1690472454.980199 -2.698447227 -0.189039469 -2.057545900 -0.015736124 0.917584360 0.000196813 0.397229522
1690472455.180372 -2.607419014 -0.167120486 -2.133602381 -0.013444412 0.903080523 -0.001757046 0.429257244
1690472455.246930 -2.560676575 -0.146839380 -2.148023129 -0.011591955 0.898514748 -0.003026956 0.438779801
1690472455.316706 -2.530237198 -0.175520301 -2.116796017 -0.014157967 0.895460308 -0.000911911 0.444915324
1690472455.446896 -2.481444597 -0.143488273 -2.156529427 -0.010854912 0.883652866 -0.002477738 0.468010306
1690472455.513972 -2.441939354 -0.131211922 -2.158027649 -0.010881425 0.878884554 -0.004043832 0.476893485
1690472455.580449 -2.412310362 -0.136005566 -2.162230015 -0.011599489 0.873647153 -0.002805561 0.486413687
1690472455.646915 -2.384576559 -0.138519764 -2.166449547 -0.011823950 0.868286848 -0.003310840 0.495910555
1690472455.714805 -2.347950459 -0.153620735 -2.164369583 -0.012898860 0.862949610 -0.001534618 0.505123138
1690472455.779235 -2.287505865 -0.134935915 -2.132567167 -0.009824706 0.859609127 -0.001502956 0.510855675
1690472455.846949 -2.249657869 -0.150772691 -2.163739443 -0.009891420 0.852406144 0.001200568 0.522785366
1690472455.980308 -2.174112558 -0.126467377 -2.176090240 -0.008087803 0.840584517 -0.001918463 0.541616678
1690472456.046900 -2.132434607 -0.127880841 -2.188115120 -0.007414384 0.834041297 -0.000544780 0.551651955
1690472456.113682 -2.108505249 -0.133914143 -2.175122261 -0.007881889 0.829136550 0.000722845 0.558990240
1690472456.246906 -2.048871517 -0.128186092 -2.182714939 -0.007623236 0.816871405 -0.000346085 0.576769471
1690472456.313803 -2.017068148 -0.137978256 -2.160383940 -0.008412718 0.812299430 0.001169996 0.583178878
1690472456.380339 -1.963918209 -0.130095690 -2.175686359 -0.007462479 0.805537641 0.000494230 0.592497408
1690472456.446990 -1.928783178 -0.110194944 -2.188004494 -0.005967886 0.799323499 -0.000742420 0.600870967
1690472456.513838 -1.897921085 -0.135854185 -2.151103258 -0.008168293 0.795733690 0.001663708 0.605589271
1690472456.713790 -1.788297653 -0.140436769 -2.158951759 -0.007404489 0.778809726 0.003461137 0.627207100
1690472456.780391 -1.739309549 -0.124921396 -2.189968586 -0.004711747 0.770731568 0.002708402 0.637136877
1690472456.913833 -1.666249156 -0.090737462 -2.185586452 -0.001650300 0.760859370 0.000515149 0.648914635
1690472456.980367 -1.638308644 -0.104628675 -2.238580942 -0.002437154 0.751161039 0.002691200 0.660109043
1690472457.180456 -1.534676790 -0.143649876 -2.342532396 -0.007372350 0.726891100 0.007189955 0.686675549
1690472457.247075 -1.479287624 -0.109282598 -2.246346951 -0.002577663 0.727837920 0.004864436 0.685727179
1690472457.314408 -1.442859888 -0.100683726 -2.236222744 -0.002050641 0.722684741 0.004294635 0.691161394
1690472457.380465 -1.409948230 -0.105189331 -2.229245186 -0.002696125 0.717092335 0.005210762 0.696953535
1690472457.447105 -1.368385792 -0.096263476 -2.228673697 -0.002481194 0.710854053 0.002765567 0.703329802
1690472457.580559 -1.302694321 -0.097513624 -2.221857786 -0.003326641 0.698286712 0.002434912 0.715806425
1690472457.647082 -1.255092144 -0.102517225 -2.228752136 -0.002112568 0.689949572 0.004789773 0.723838568
1690472457.714342 -1.221549988 -0.108338282 -2.217840195 -0.002654805 0.683713853 0.005292248 0.729726195
1690472457.780576 -1.186156631 -0.080659308 -2.234857559 0.000877371 0.674907565 0.002621652 0.737897098
1690472457.848918 -1.146965981 -0.079349518 -2.226125956 0.000761233 0.667738736 0.002506335 0.744391203
1690472457.980409 -1.070895672 -0.090733051 -2.205865860 0.000059830 0.652409732 0.004114517 0.757855296
1690472458.047000 -1.027406812 -0.105549671 -2.199505806 -0.000975073 0.643699229 0.005300871 0.765259683
1690472458.113890 -0.984929025 -0.097241387 -2.192569733 0.000203038 0.634989917 0.004899539 0.772504926
1690472458.180587 -0.945384502 -0.104124457 -2.180800915 0.000482538 0.626057208 0.006087470 0.779753268
1690472458.314049 -0.924289644 -0.113288485 -2.141331673 -0.001108461 0.612251282 0.007688254 0.790625095
1690472458.447061 -0.897439241 -0.115045190 -2.102605820 -0.000560629 0.596736431 0.009130757 0.802385211
1690472458.513943 -0.857216954 -0.089792714 -2.090481758 0.000884615 0.587395668 0.004292789 0.809288025
1690472458.580453 -0.842990875 -0.080723569 -2.062352896 0.001931262 0.580132544 0.003815789 0.814510942
1690472458.647186 -0.803563178 -0.077283159 -2.048301458 0.002917759 0.569913328 0.003964767 0.821690083
1690472458.780492 -0.732346475 -0.069427460 -2.016846657 0.004917917 0.549658954 0.002747091 0.835370243
1690472458.847226 -0.701620042 -0.078974381 -2.002323389 0.004359327 0.539244950 0.004193915 0.842127264
1690472458.913876 -0.685436726 -0.079485424 -1.983519554 0.004345906 0.529796124 0.004704731 0.848100901
1690472458.980422 -0.659311235 -0.076922521 -1.967565775 0.004499543 0.518978059 0.004629967 0.854763210
1690472459.113926 -0.618157685 -0.094004311 -1.921650410 0.003095964 0.499056846 0.007211539 0.866533756
1690472459.180515 -0.611163318 -0.081644140 -1.888994336 0.004325024 0.490788221 0.006171012 0.871246397
1690472459.247323 -0.577073753 -0.069855459 -1.868663549 0.005598217 0.479467124 0.004468227 0.877530694
1690472459.380556 -0.547236919 -0.087650061 -1.832331061 0.003955295 0.458234638 0.008412758 0.888782680
1690472459.451204 -0.517045438 -0.081960894 -1.807023287 0.004699553 0.446291506 0.007531360 0.894843698
1690472459.580557 -0.496117473 -0.093312636 -1.776713848 0.001811801 0.424702913 0.009166581 0.905284584
1690472459.716840 -0.500062943 -0.079889938 -1.709738731 0.001290845 0.408248276 0.007903433 0.912835836
1690472459.780758 -0.493593335 -0.086320840 -1.676216602 0.001784275 0.399001151 0.009703935 0.916897357
1690472459.847149 -0.485349357 -0.088551283 -1.655202389 0.002268749 0.389123559 0.010601439 0.921121836
1690472459.914515 -0.472225070 -0.084888116 -1.627294540 0.002536231 0.378884763 0.010428124 0.925381660
1690472459.980603 -0.458289534 -0.087545790 -1.608637810 0.001708992 0.368577123 0.010388589 0.929537535
1690472460.047308 -0.431370318 -0.085954040 -1.599124312 0.001895551 0.356857359 0.009748628 0.934106112
1690472460.118027 -0.424107224 -0.087051444 -1.569653988 0.001772636 0.347680628 0.010082200 0.937557220
1690472460.180655 -0.426954508 -0.089188896 -1.546764851 0.000960164 0.339265794 0.009878370 0.940638185
1690472460.247222 -0.413089037 -0.115327373 -1.521470547 -0.001349262 0.329625010 0.013348570 0.944016635
1690472460.379647 -0.361203074 -0.094695777 -1.473991632 0.001734461 0.308627099 0.011392741 0.951113343
1690472460.447289 -0.365423620 -0.086854950 -1.452514648 0.002483685 0.300178826 0.011698795 0.953808010
1690472460.514158 -0.345591784 -0.114044048 -1.427072644 0.001234558 0.290234506 0.014542915 0.956844270
1690472460.580580 -0.308561474 -0.080092572 -1.416001558 0.004512332 0.278552055 0.010102477 0.960357428
1690472460.647347 -0.299911946 -0.077341408 -1.401104569 0.005004319 0.268233955 0.009440525 0.963294566
1690472460.780576 -0.298028201 -0.096725978 -1.348121524 0.003619985 0.253410697 0.010793751 0.967291832
1690472460.847373 -0.289314419 -0.099430449 -1.313020587 0.003564368 0.245042473 0.011095039 0.969442368
1690472460.980616 -0.277370036 -0.107120179 -1.250720501 0.002882663 0.229507685 0.011310413 0.973236859
1690472461.047409 -0.280098408 -0.106679305 -1.238143563 0.002447020 0.223008275 0.010689639 0.974754930
1690472461.113938 -0.284563959 -0.109828964 -1.215639234 0.001813855 0.216742441 0.010584598 0.976169765
1690472461.180544 -0.266613305 -0.101726547 -1.183227897 0.002503939 0.209400088 0.010170388 0.977774024
1690472461.247448 -0.258929968 -0.093359433 -1.154501081 0.003592955 0.203105018 0.009111000 0.979107976
1690472461.313982 -0.271744907 -0.108735032 -1.128635526 0.002062954 0.198646441 0.009875175 0.980019331
1690472461.380690 -0.266210705 -0.116973035 -1.095518112 0.000850695 0.192585111 0.009416294 0.981234789
1690472461.513925 -0.268027693 -0.109726489 -1.051606774 0.001253668 0.183224306 0.008928287 0.983029842
1690472461.580694 -0.263480932 -0.109270386 -1.010391831 0.000592533 0.179230765 0.009003743 0.983765721
1690472461.714074 -0.180810466 -0.080191314 -0.958902419 0.002301370 0.162241742 0.005776610 0.986731470
1690472461.780774 -0.175040364 -0.077949449 -0.922496915 0.002611879 0.158027351 0.005424201 0.987416446
1690472461.847302 -0.165257692 -0.082993262 -0.886973023 0.002211134 0.153760612 0.005585889 0.988089859
1690472461.979253 -0.172585219 -0.091576740 -0.838082433 -0.000003641 0.149695233 0.005047177 0.988719344
1690472462.047334 -0.181512028 -0.088221975 -0.809943974 0.000968538 0.148827791 0.004896867 0.988850534
1690472462.114062 -0.168591067 -0.090332381 -0.785022199 0.000307733 0.145425797 0.004549840 0.989358723
1690472462.180690 -0.173182756 -0.097199723 -0.742351115 -0.001131556 0.145292506 0.003657008 0.989381313
1690472462.314141 -0.197923839 -0.113337472 -0.670956910 -0.002693523 0.146709546 0.003422210 0.989170074
1690472462.380715 -0.196954072 -0.090345621 -0.644842148 -0.000495033 0.145907298 0.004120924 0.989289582
1690472462.514192 -0.196761176 -0.100564644 -0.591072142 -0.001557857 0.144204333 0.004594035 0.989536107
1690472462.580936 -0.187615156 -0.102744959 -0.569104254 -0.001636397 0.142106548 0.004311349 0.989840686
1690472462.717687 -0.163121656 -0.095588818 -0.521746039 -0.000683793 0.137554005 0.003625630 0.990487456
1690472462.780819 -0.093013518 -0.069013327 -0.473379582 0.001623074 0.127652124 0.004772162 0.991806209
1690472462.847831 -0.085843548 -0.065731406 -0.440434813 0.002082596 0.125554144 0.005015429 0.992071986
1690472462.914118 -0.073739901 -0.072162494 -0.410457194 0.001108275 0.123376109 0.005358749 0.992344916
1690472463.047662 -0.078451701 -0.077219911 -0.362303913 -0.000393956 0.122849606 0.006035632 0.992406905
1690472463.114163 -0.082577206 -0.089801848 -0.334869087 -0.002114165 0.122469924 0.006303472 0.992449999
1690472463.180727 -0.064221665 -0.081580453 -0.304525375 -0.001501749 0.120368160 0.005495340 0.992712975
1690472463.247554 -0.076845072 -0.100684144 -0.260193080 -0.004408346 0.122108772 0.004856082 0.992495120
1690472463.314059 -0.090307049 -0.088652700 -0.211242229 -0.002880823 0.124137506 0.006039103 0.992242455
1690472463.447456 -0.094795696 -0.089369074 -0.168238342 -0.003075998 0.124631397 0.004803624 0.992186785
1690472463.515180 -0.090250865 -0.093129344 -0.140471905 -0.004249847 0.123787850 0.004983724 0.992287099
1690472463.580803 -0.090306647 -0.093554720 -0.117547192 -0.003457553 0.123229496 0.006144464 0.992353141
1690472463.647880 -0.088857278 -0.095573232 -0.090095229 -0.004296419 0.122338191 0.005311028 0.992464960
1690472463.718499 -0.030551339 -0.079269104 -0.031203318 -0.002010239 0.114646517 0.005417474 0.993389547
1690472463.847532 -0.027817357 -0.084958337 0.033439402 -0.002679766 0.113508090 0.005338427 0.993519127
1690472463.914054 -0.025792638 -0.087276608 0.065777466 -0.003114392 0.112626292 0.005218150 0.993618906
1690472463.981320 -0.023802539 -0.086379655 0.092846923 -0.003306449 0.111714981 0.005670832 0.993718684
1690472464.047465 -0.024208762 -0.088990673 0.117927618 -0.003895349 0.111576557 0.005593858 0.993732512
1690472464.114735 -0.023264630 -0.090236723 0.144725233 -0.004309531 0.110767864 0.006124893 0.993818164
1690472464.180391 -0.020221921 -0.092310600 0.183301285 -0.004765013 0.109792590 0.006142196 0.993924201
1690472464.314239 -0.018582694 -0.094242893 0.227935508 -0.005165558 0.107394911 0.005491232 0.994187891
1690472464.380813 -0.018389933 -0.095689781 0.256410003 -0.005162134 0.106577374 0.005698649 0.994274676
1690472464.447471 0.011769912 -0.082055233 0.319946110 -0.003046697 0.099858806 0.007647416 0.994967580
1690472464.647384 0.017020455 -0.087657452 0.413618565 -0.003900926 0.091789328 0.008649263 0.995733261
1690472464.714273 0.023875592 -0.089289933 0.447479278 -0.003919502 0.087495290 0.008468153 0.996121228
1690472464.780897 0.022253847 -0.087076925 0.466849387 -0.003973776 0.084396057 0.008899404 0.996384621
1690472464.847542 0.025703780 -0.085198797 0.503022194 -0.003997797 0.080698021 0.008815933 0.996691585
1690472464.914177 -0.007153018 -0.096638016 0.546287119 -0.005025372 0.079542145 0.009238720 0.996776044
1690472464.980814 -0.025761932 -0.105682351 0.585127532 -0.005726776 0.077408373 0.010058737 0.996932328
1690472465.047548 -0.023993429 -0.111747019 0.626085997 -0.006130200 0.071847558 0.009686015 0.997349799
1690472465.114188 -0.036299061 -0.119504116 0.646172643 -0.006878883 0.066112883 0.010365910 0.997734606
1690472465.180851 -0.034140151 -0.111448057 0.666029155 -0.005616398 0.060742240 0.010166113 0.998085976
1690472465.380927 -0.019700319 -0.102579340 0.772142112 -0.005061138 0.035418469 0.010352114 0.999306142
1690472465.447661 -0.025498796 -0.101534955 0.806618989 -0.004936964 0.027889198 0.010752091 0.999541044
1690472465.514211 -0.031048166 -0.101281270 0.837557673 -0.005119766 0.020215649 0.010796235 0.999724269
1690472465.580922 -0.024663376 -0.114275917 0.854194701 -0.006903409 0.011096444 0.010457407 0.999859989
1690472465.647907 -0.032046381 -0.107532181 0.884261489 -0.005730869 0.003239368 0.011405220 0.999913335
1690472465.780961 -0.039674681 -0.122474156 0.934213102 -0.008147317 -0.013815508 0.010970796 0.999811232
1690472465.847773 -0.043516878 -0.127505615 0.962393820 -0.008191849 -0.022593303 0.009293793 0.999668002
1690472465.914187 -0.042162791 -0.128494933 0.972682059 -0.008116270 -0.032026470 0.009500748 0.999408960
1690472465.981110 -0.046625961 -0.130517066 0.997102320 -0.009047014 -0.042725831 0.010843168 0.998987019
1690472466.114316 -0.107272640 -0.121060275 1.039010167 -0.007694640 -0.056554813 0.012073640 0.998296857
1690472466.247563 -0.172224760 -0.116925381 1.165437460 -0.005031078 -0.075787343 0.012164207 0.997037113
1690472466.314289 -0.176389813 -0.132277653 1.193462968 -0.006966086 -0.087010831 0.010920188 0.996123195
1690472466.380957 -0.200525835 -0.127592817 1.217112899 -0.006928368 -0.096536882 0.011662237 0.995236993
1690472466.514506 -0.220057666 -0.123976916 1.286059260 -0.006313008 -0.121232972 0.013089213 0.992517710
1690472466.580951 -0.230070531 -0.117655866 1.304749966 -0.005329972 -0.134206235 0.013453965 0.990847766
1690472466.647596 -0.245708898 -0.125110835 1.337050319 -0.006029617 -0.146685749 0.013087199 0.989078224
1690472466.781364 -0.264908344 -0.107804567 1.407054782 -0.003412575 -0.172875494 0.012940966 0.984852791
1690472466.847718 -0.275405496 -0.105725825 1.469853401 -0.001801640 -0.188735858 0.014866643 0.981913745
1690472466.917015 -0.309850782 -0.100858815 1.470403910 -0.000740991 -0.197064742 0.014213460 0.980287194
1690472466.979880 -0.339840472 -0.087227836 1.480730772 0.000612144 -0.207555994 0.015632622 0.978098094
1690472467.181020 -0.414480329 -0.099877387 1.579293847 -0.001413908 -0.241078407 0.015451741 0.970381618
1690472467.251748 -0.420583308 -0.121636428 1.623846292 -0.003344020 -0.255713552 0.014041082 0.966644883
1690472467.314355 -0.458859891 -0.104412533 1.616512060 -0.002315514 -0.263909847 0.015137320 0.964425802
1690472467.447860 -0.493948460 -0.110945903 1.656533837 -0.003633176 -0.288201660 0.015367496 0.957439601
1690472467.514357 -0.512281835 -0.111931868 1.685931921 -0.003397227 -0.301329613 0.014989283 0.953396201
1690472467.581133 -0.541144371 -0.092955470 1.703763723 -0.000668298 -0.312179863 0.015662950 0.949893713
1690472467.647703 -0.559336960 -0.092639253 1.723586321 -0.001013118 -0.324284703 0.016350087 0.945817709
1690472467.714336 -0.590949178 -0.102203496 1.749271750 -0.001871787 -0.334281862 0.015985018 0.942335725
1690472467.848449 -0.641695321 -0.101714425 1.790689230 -0.001438955 -0.357228845 0.016420089 0.933871448
1690472467.914346 -0.677246749 -0.098037511 1.803979874 -0.000620606 -0.367947668 0.017007945 0.929690778
1690472467.981257 -0.697616100 -0.101515040 1.823006630 -0.001277496 -0.379570067 0.017506342 0.924996495
1690472468.114313 -0.733192861 -0.113155797 1.840931535 -0.002508299 -0.400424927 0.017892964 0.916151464
1690472468.181222 -0.779008389 -0.118200377 1.824353456 -0.002182235 -0.407579869 0.018150723 0.912986577
1690472468.247756 -0.813087642 -0.119017988 1.845093846 -0.001483661 -0.418450773 0.017794818 0.908063948
1690472468.314478 -0.843576729 -0.124327846 1.859826446 -0.002105417 -0.428890944 0.017623441 0.903181970
1690472468.381057 -0.874275386 -0.122135848 1.862202764 -0.001284950 -0.438373208 0.017810768 0.898615718
1690472468.447720 -0.883161902 -0.122062184 1.863314152 -0.000810842 -0.448713809 0.018205859 0.893489778
1690472468.514716 -0.885372162 -0.121055201 1.845840693 -0.000566101 -0.456565201 0.017651921 0.889514685
1690472468.647718 -0.926757574 -0.148458853 1.856166124 -0.001800920 -0.474815547 0.015675377 0.879943907
1690472468.714737 -0.953686774 -0.154301822 1.859672427 -0.002480265 -0.483163923 0.015525894 0.875388801
1690472468.850503 -0.980087101 -0.157968521 1.870389462 -0.002225273 -0.499639541 0.015900567 0.866084576
1690472468.914506 -0.982602835 -0.162952676 1.871248364 -0.002679981 -0.507243037 0.015555452 0.861658573
1690472468.982319 -0.994497418 -0.165574282 1.874905825 -0.002550118 -0.514826775 0.015421907 0.857151747
1690472469.047894 -1.012133121 -0.170588017 1.879737139 -0.003108079 -0.521412969 0.014723291 0.853171825
1690472469.181776 -1.046391249 -0.179089859 1.890475750 -0.003696495 -0.535631895 0.012497046 0.844351113
1690472469.247943 -1.108525395 -0.165203094 1.888713241 -0.001633744 -0.539745927 0.013872887 0.841712058
1690472469.315637 -1.118014574 -0.167166829 1.891796947 -0.002700114 -0.546011150 0.013195743 0.837669671
1690472469.379865 -1.143469810 -0.173721418 1.898880720 -0.003609845 -0.552522480 0.012834017 0.833391368
1690472469.448070 -1.158975363 -0.177841738 1.903078318 -0.004756974 -0.558636129 0.012333055 0.829307497
1690472469.514479 -1.176614285 -0.182883739 1.908240557 -0.006347101 -0.565181077 0.011779307 0.824858367
1690472469.581214 -1.186855316 -0.185123563 1.910940766 -0.007028156 -0.571013510 0.011548589 0.820829391
1690472469.714461 -1.218942046 -0.193738177 1.920196772 -0.008562238 -0.583799481 0.009365608 0.811798692
1690472469.847841 -1.254515290 -0.202940285 1.930541396 -0.009448358 -0.597029090 0.010635313 0.802093506
1690472469.981282 -1.309856653 -0.149414897 1.891430259 -0.003136848 -0.605751634 0.015044468 0.795505345
1690472470.118509 -1.358657241 -0.146814585 1.880746484 -0.001755990 -0.616906524 0.016545380 0.786860585
1690472470.181334 -1.379261017 -0.143971011 1.880861878 -0.001418534 -0.623117507 0.017655443 0.781927705
1690472470.248024 -1.407572746 -0.143656045 1.874027729 -0.001100148 -0.628917933 0.018160721 0.777258754
1690472470.314575 -1.424456000 -0.152258188 1.859658122 -0.002457654 -0.634208858 0.018986961 0.772924721
1690472470.381214 -1.437887311 -0.146399036 1.859639049 -0.000470245 -0.641162276 0.020783672 0.767123759
1690472470.447874 -1.456302524 -0.148089930 1.865403533 0.000362549 -0.648707867 0.022543490 0.760703444
1690472470.514857 -1.481481075 -0.144946188 1.845419645 0.001281058 -0.655083299 0.024882106 0.755145848
1690472470.581228 -1.503022671 -0.139085531 1.816914439 0.002355179 -0.660367727 0.026251633 0.750479758
1690472470.647883 -1.515942335 -0.152894258 1.798198700 0.002838172 -0.666967392 0.026190592 0.744621158
1690472470.714683 -1.527834296 -0.159042135 1.715037704 0.002449498 -0.669972599 0.027057441 0.741888583
1690472470.781174 -1.545764446 -0.158885628 1.712855220 0.003929180 -0.678209960 0.027562143 0.734340727
1690472470.848094 -1.564512849 -0.157660097 1.709664583 0.005692896 -0.686513007 0.027584875 0.726571798
1690472470.918017 -1.590618610 -0.153867856 1.707093358 0.006981861 -0.695701063 0.027232256 0.717781186
1690472471.049963 -1.593542457 -0.157937750 1.704001665 0.007117320 -0.713164568 0.026996018 0.700440466
1690472471.117964 -1.604406834 -0.166312575 1.687911987 0.005478356 -0.721001089 0.026599646 0.692401528
1690472471.181235 -1.619838953 -0.159930348 1.656306267 0.005877113 -0.727678537 0.027484227 0.685342312
1690472471.250738 -1.632612586 -0.165717453 1.659682035 0.005197592 -0.737310529 0.027825447 0.674960673
1690472471.381070 -1.639183760 -0.145481318 1.618262410 0.006511096 -0.751798451 0.030513272 0.658654511
1690472471.448421 -1.659939647 -0.137742132 1.599671245 0.007280383 -0.759435058 0.031220967 0.649792790
1690472471.517209 -1.679962397 -0.142502204 1.587081552 0.006262343 -0.767416418 0.031294473 0.640354216
1690472471.581206 -1.696947336 -0.157255650 1.585641384 0.004381421 -0.775805831 0.030358884 0.630225718
1690472471.648123 -1.698286772 -0.176365137 1.562371373 0.002820748 -0.782956064 0.028306957 0.621426225
1690472471.849000 -1.744753599 -0.182261541 1.509370923 0.000417536 -0.805521488 0.029378608 0.591837704
1690472471.918979 -1.810375094 -0.188033849 1.494540811 -0.000532982 -0.815430462 0.029607717 0.578097165
1690472471.980770 -1.780954599 -0.200661778 1.463396668 -0.000960408 -0.819951296 0.027646869 0.571764529
1690472472.047939 -1.797091484 -0.206215560 1.427363873 -0.001645881 -0.826226771 0.027557047 0.562660933
1690472472.181493 -1.857160211 -0.204217657 1.416584849 -0.001735695 -0.842979610 0.027562501 0.537236154
1690472472.314743 -1.868329287 -0.256610066 1.324051023 -0.004752169 -0.854356289 0.022678038 0.519170940
1690472472.381299 -1.891951203 -0.238353774 1.355326176 -0.002533421 -0.863649607 0.023417408 0.503542006
1690472472.451921 -1.902941346 -0.247135967 1.335916996 -0.003716524 -0.869846821 0.022904040 0.492775977
1690472472.514704 -1.917413235 -0.261591852 1.310267091 -0.004744299 -0.875941455 0.021646667 0.481908172
1690472472.581317 -1.937913775 -0.260316163 1.290178895 -0.004787908 -0.882013083 0.022003645 0.470686585
1690472472.651956 -1.949860215 -0.277127057 1.256213307 -0.006165383 -0.887358665 0.020629620 0.460576862
1690472472.714810 -1.966839790 -0.281685024 1.220790148 -0.006062399 -0.892416000 0.020335404 0.450714409
1690472472.781302 -2.008607864 -0.279103786 1.228306055 -0.006364286 -0.899374843 0.020582899 0.436647266
1690472472.847984 -2.010410070 -0.305351853 1.190282106 -0.007051374 -0.903258264 0.017827548 0.428668857
1690472473.050233 -2.036702156 -0.279867828 1.144599319 -0.006531782 -0.915829897 0.019937130 0.401018053
1690472473.114737 -2.059555769 -0.282083392 1.106228113 -0.006726643 -0.919748127 0.019342430 0.391974777
1690472473.181352 -2.057814598 -0.303582758 1.093630433 -0.007800844 -0.922897398 0.016610222 0.384608537
1690472473.248127 -2.072268486 -0.298765212 1.071897507 -0.007500848 -0.926249206 0.016899509 0.376458049
1690472473.314696 -2.077877998 -0.303598106 1.048236966 -0.007026042 -0.929188132 0.016513446 0.369171321
1690472473.381351 -2.099309444 -0.312956870 1.020523429 -0.009114769 -0.932408929 0.015918326 0.360939175
1690472473.448268 -2.102965355 -0.316938609 1.010411263 -0.009282999 -0.935026884 0.014742604 0.354148686
1690472473.515890 -2.119920254 -0.313109666 1.001577973 -0.008543703 -0.938064754 0.014461294 0.346052766
1690472473.581330 -2.137078285 -0.319742352 0.990211844 -0.009335587 -0.940997779 0.013399675 0.338018537
1690472473.648230 -2.153921604 -0.310711861 0.935140014 -0.007716320 -0.942877769 0.015397556 0.332693398
1690472473.714696 -2.161011696 -0.310703576 0.902090192 -0.007896116 -0.944843233 0.015401318 0.327065378
1690472473.781476 -2.181766510 -0.316762388 0.878077388 -0.008230762 -0.947304606 0.014512627 0.319899380
1690472473.848074 -2.192903042 -0.337930620 0.865867496 -0.009689359 -0.949875891 0.011228123 0.312275231
1690472473.914781 -2.196006775 -0.332004398 0.846447945 -0.010115650 -0.951713622 0.011951545 0.306587815
1690472473.981561 -2.189375639 -0.343458056 0.811120272 -0.010302958 -0.952997267 0.010521994 0.302621007
1690472474.048047 -2.201451778 -0.356730312 0.781792760 -0.011190860 -0.954968035 0.009622719 0.296341717
1690472474.114700 -2.210678577 -0.345712006 0.759491086 -0.011333537 -0.956723332 0.010525994 0.290587604
1690472474.181577 -2.227410316 -0.359753668 0.737157702 -0.010792647 -0.958618283 0.008915919 0.284350395
1690472474.252195 -2.230035782 -0.365485758 0.716685534 -0.010070586 -0.959984601 0.007350854 0.279775232
1690472474.315391 -2.274770260 -0.357898831 0.669652820 -0.009374413 -0.962264299 0.009720447 0.271781236
1690472474.448100 -2.294171810 -0.372626841 0.616550803 -0.010106800 -0.964813113 0.007889246 0.262623817
1690472474.519867 -2.304476500 -0.373995453 0.585551143 -0.009403784 -0.965809166 0.007749449 0.258967519
1690472474.581455 -2.302487612 -0.380127013 0.567849398 -0.008813034 -0.966470718 0.006465514 0.256544173
1690472474.648094 -2.317139626 -0.391587645 0.552335978 -0.008917456 -0.967448711 0.004684153 0.252866834
1690472474.781415 -2.348604679 -0.404571056 0.500649929 -0.008793496 -0.969115555 0.003626421 0.246423721
1690472474.848156 -2.348745108 -0.396876991 0.469427586 -0.009482913 -0.969652891 0.005111841 0.244248316
1690472474.981665 -2.377585173 -0.364035249 0.413090348 -0.009982170 -0.970864654 0.009521680 0.239231050
1690472475.048206 -2.390707493 -0.368406653 0.385564208 -0.009931157 -0.971372426 0.008543801 0.237200543
1690472475.114834 -2.402595758 -0.376235932 0.370238900 -0.009814732 -0.971974969 0.007278271 0.234766647
1690472475.248190 -2.432873249 -0.399264693 0.340101361 -0.010293171 -0.973267198 0.003046812 0.229424909
1690472475.381449 -2.423559189 -0.399362147 0.300267339 -0.009915119 -0.973177910 0.001055034 0.229837611
1690472475.448324 -2.421316385 -0.401352644 0.273588419 -0.010922036 -0.973101676 0.000351744 0.230117008
1690472475.517845 -2.472110510 -0.359837979 0.229651809 -0.009438718 -0.974088490 0.006359726 0.225880891
1690472475.581490 -2.486595392 -0.359503090 0.200554371 -0.009549399 -0.974183917 0.006202426 0.225468546
1690472475.648312 -2.489082575 -0.365335166 0.179038405 -0.010099212 -0.974216282 0.004823650 0.225338414
1690472475.781428 -2.505488396 -0.379366964 0.152097344 -0.011521699 -0.974763036 0.002621731 0.222929284
1690472475.918691 -2.526192188 -0.362303913 0.108145714 -0.010225201 -0.975091755 0.004435925 0.221521869
1690472475.981598 -2.540311098 -0.370374173 0.087439656 -0.009215799 -0.975333333 0.002338385 0.220532566
1690472476.115678 -2.559299946 -0.361738831 0.051625609 -0.009370392 -0.976034880 0.003381781 0.217386380
1690472476.185978 -2.574074745 -0.356930912 0.009602070 -0.009326776 -0.976140916 0.004391036 0.216893151
1690472476.248562 -2.578609467 -0.359443009 -0.012713909 -0.008963680 -0.976206839 0.003892831 0.216621190
1690472476.315296 -2.591140747 -0.363381386 -0.024920702 -0.009693435 -0.976640880 0.002705770 0.214642391
1690472476.381700 -2.600455046 -0.372668117 -0.042069912 -0.010127981 -0.976877928 0.000949453 0.213555813
1690472476.448329 -2.609817028 -0.372428954 -0.070452452 -0.009528970 -0.976971865 0.000866542 0.213153660
1690472476.518002 -2.616934776 -0.374905676 -0.103043795 -0.009745639 -0.977013171 0.000604710 0.212955505
1690472476.715139 -2.647473812 -0.358000964 -0.176805019 -0.010331360 -0.978001475 0.002991170 0.208320484
1690472476.848282 -2.664128304 -0.358710527 -0.224717140 -0.010758337 -0.978631258 0.002259756 0.205329165
1690472476.918660 -2.670923471 -0.366769046 -0.248365879 -0.011179449 -0.979013562 0.000714984 0.203487292
1690472477.048175 -2.688570023 -0.360304326 -0.277791023 -0.011162582 -0.980240047 0.000530784 0.197495967
1690472477.115117 -2.701413631 -0.365864217 -0.295951843 -0.011511480 -0.980890274 -0.000546889 0.194220170
1690472477.181583 -2.715194702 -0.368654191 -0.316847324 -0.011480334 -0.981555104 -0.000945929 0.190832332
1690472477.248395 -2.734593153 -0.360851020 -0.375066042 -0.010275507 -0.982047677 0.000365546 0.188352570
1690472477.314897 -2.741874218 -0.358066887 -0.401417732 -0.010046829 -0.982673347 0.000442989 0.185072958
1690472477.381546 -2.749942780 -0.359279394 -0.422098160 -0.010323175 -0.983451426 -0.000067934 0.180878043
1690472477.448483 -2.748166323 -0.364353776 -0.449111700 -0.010137502 -0.984065413 -0.000594395 0.177516550
1690472477.519085 -2.759088516 -0.362211436 -0.473416090 -0.009958200 -0.985074937 -0.000659443 0.171836540
1690472477.581700 -2.766384125 -0.364958286 -0.507726669 -0.009926037 -0.985932350 -0.001378924 0.166844189
1690472477.648554 -2.767472506 -0.354829997 -0.527031660 -0.009664933 -0.986899555 0.000518475 0.161045581
1690472477.714864 -2.776441336 -0.367752522 -0.562834740 -0.009004984 -0.988160133 -0.000438970 0.153161392
1690472477.848647 -2.811975479 -0.353768557 -0.626989841 -0.009296960 -0.990684330 0.000771499 0.135858566
1690472477.915026 -2.807057381 -0.348095894 -0.667598248 -0.009313066 -0.991610646 0.001523821 0.128916308
1690472477.981739 -2.819160938 -0.348819524 -0.683861136 -0.009522225 -0.992751181 0.001044353 0.119805746
1690472478.114976 -2.824690342 -0.351323068 -0.734372377 -0.009535236 -0.994721532 0.000268256 0.102167465
1690472478.181718 -2.830187798 -0.348207891 -0.762624264 -0.009834971 -0.995657563 0.000487075 0.092569828
1690472478.248533 -2.827270269 -0.349704921 -0.801301360 -0.010573135 -0.996449590 0.000621805 0.083523497
1690472478.314889 -2.818127155 -0.348845601 -0.824204087 -0.010561031 -0.997044444 0.000608292 0.076095879
1690472478.381908 -2.828429937 -0.348404229 -0.847831249 -0.010220975 -0.997803926 0.001253155 0.065431982
1690472478.515238 -2.840891361 -0.345998108 -0.947819114 -0.010255312 -0.999006808 0.002083721 0.043311853
1690472478.648492 -2.827973127 -0.354651213 -1.017287731 -0.011030659 -0.999662757 0.001066998 0.023488024
1690472478.781746 -2.804243088 -0.365444511 -1.085502982 -0.009908048 -0.999947190 -0.000669025 0.002640850
1690472478.848349 -2.794108868 -0.376420498 -1.124227762 0.009126799 0.999917626 0.001689965 0.008869724
1690472478.981849 -2.782268763 -0.358955652 -1.187455535 0.007175379 0.999426723 -0.000302404 0.033086959
1690472479.048395 -2.775828362 -0.355409265 -1.235399842 0.005502184 0.998925686 -0.000897530 0.046004761
1690472479.119165 -2.788383961 -0.337332547 -1.272466183 0.004960095 0.998102188 -0.001776283 0.061353862
1690472479.248522 -2.750399590 -0.339777350 -1.321754575 0.003869543 0.996501625 -0.000898512 0.083479486
1690472479.315055 -2.739040852 -0.338956088 -1.354370475 0.003570390 0.995334625 -0.000676502 0.096415170
1690472479.381750 -2.722112656 -0.338012367 -1.378827095 0.002503935 0.994129837 -0.000198371 0.108164869
1690472479.448526 -2.697257519 -0.346409410 -1.408423424 0.001980822 0.992844701 0.001075143 0.119391628
1690472479.515317 -2.685989141 -0.357287735 -1.437777281 0.001520456 0.991224885 0.003272909 0.132136926
1690472480.652567 -2.812577009 -0.326816440 -1.258883476 -0.015416162 0.942293167 0.011611858 0.334232271
1690472480.715666 -2.649035215 -0.147116184 -2.083139896 -0.012568414 0.896795094 -0.003740093 0.442251891
1690472480.784585 -2.599681854 -0.171920300 -2.128709793 -0.012874847 0.890029192 -0.000306743 0.455721676
1690472480.848806 -2.556256056 -0.167320549 -2.111709595 -0.012762337 0.885836959 -0.000633706 0.463820726
1690472480.915619 -2.493847609 -0.157141447 -2.123627901 -0.011292849 0.880355179 -0.001164496 0.474179149
1690472480.982890 -2.460277557 -0.141020596 -2.119025707 -0.010077021 0.875636041 -0.002130033 0.482861787
1690472481.115662 -2.389867783 -0.145398602 -2.111714840 -0.010059849 0.865802288 -0.000194291 0.500285089
1690472481.186026 -2.362946749 -0.154782295 -2.165370464 -0.011623726 0.857584357 -0.000085114 0.514212072
1690472481.315176 -2.280025959 -0.150460601 -2.146268845 -0.010107309 0.848025441 0.000686019 0.529858768
1690472481.381495 -2.232061386 -0.134948015 -2.153533936 -0.008450450 0.842083633 -0.000316303 0.539280653
1690472481.448637 -2.204175949 -0.138735011 -2.140120506 -0.008522010 0.837534785 0.000875641 0.546316862
1690472481.515660 -2.157939434 -0.143045738 -2.144989967 -0.008768109 0.831833839 0.002051071 0.554951847
1690472481.581876 -2.119258881 -0.147571683 -2.173402071 -0.009793386 0.824861169 0.002546267 0.565244794
1690472481.648749 -2.075290918 -0.139709517 -2.183375359 -0.009477657 0.818993390 0.001565816 0.573722601
1690472481.716265 -2.036473751 -0.139242277 -2.175729036 -0.009137261 0.814044833 0.001290817 0.580728829
1690472481.916578 -1.930080891 -0.113576517 -2.191336155 -0.006834442 0.797769845 -0.000112026 0.602923334
1690472481.980681 -1.886372566 -0.118838198 -2.205580711 -0.006728094 0.791212082 0.000974073 0.611504197
1690472482.049423 -1.848358512 -0.121128932 -2.217533112 -0.006184848 0.784884036 0.002524956 0.619606733
1690472482.115463 -1.809129834 -0.114905074 -2.235939026 -0.005381241 0.777855754 0.002553921 0.628414690
1690472482.182789 -1.777172685 -0.123756535 -2.239745855 -0.004896754 0.771889806 0.003965910 0.635725200
1690472482.252178 -1.738797903 -0.121965989 -2.255273581 -0.004370747 0.764804423 0.003658991 0.644237280
1690472482.315128 -1.692864418 -0.111637354 -2.259428501 -0.003110650 0.758122385 0.003613468 0.652094960
1690472482.450848 -1.623336673 -0.117147967 -2.239812613 -0.003480483 0.747600734 0.005347733 0.664117754
1690472482.648605 -1.513769507 -0.121052638 -2.257148266 -0.004033396 0.726389229 0.005955551 0.687246025
1690472482.781994 -1.424415350 -0.103059307 -2.277583122 -0.002841019 0.710484087 0.004518165 0.703693151
1690472482.848730 -1.385851860 -0.106169105 -2.268926382 -0.002560347 0.703777969 0.005399395 0.710394919
1690472482.915332 -1.361457705 -0.111389123 -2.241096020 -0.003350971 0.698843837 0.005028393 0.715248764
1690472482.981982 -1.314568043 -0.106213942 -2.242477417 -0.002500489 0.690540195 0.004985676 0.723272562
1690472483.048578 -1.261379480 -0.081948131 -2.242914200 0.000314698 0.682111204 0.002317289 0.731244802
1690472483.181965 -1.198157072 -0.108625427 -2.228576183 -0.000930350 0.666397989 0.006462208 0.745567620
1690472483.248591 -1.145331502 -0.093533054 -2.228740692 0.000416482 0.657112062 0.004713991 0.753778040
1690472483.315461 -1.118418932 -0.086635068 -2.200318336 0.001328242 0.650803804 0.004223170 0.759233117
1690472483.381976 -1.085781336 -0.090698600 -2.184302807 0.000856842 0.642911911 0.004307324 0.765927613
1690472483.452738 -1.036579132 -0.095570043 -2.172200680 0.000590888 0.633668602 0.004828312 0.773589432
1690472483.585985 -0.995933533 -0.072651953 -2.141799450 0.003900707 0.617941618 0.004339018 0.786202371
1690472483.648754 -0.961800694 -0.075779699 -2.114000797 0.004095900 0.609725237 0.004788260 0.792587876
1690472483.715316 -0.941655576 -0.073738612 -2.103275061 0.004715287 0.600765049 0.005380190 0.799393654
1690472483.781955 -0.905721903 -0.072902732 -2.084896088 0.004683441 0.592015445 0.005195803 0.805896282
1690472483.848834 -0.894015193 -0.082921356 -2.057004452 0.003610334 0.584587514 0.005715522 0.811302543
1690472484.048903 -0.822791934 -0.083394609 -2.002392769 0.002561886 0.556738615 0.004928437 0.830669224
1690472484.117818 -0.782970726 -0.084417880 -1.979235649 0.002614431 0.546237290 0.005178066 0.837610483
1690472484.184204 -0.764315724 -0.085412189 -1.954720378 0.003157304 0.537050009 0.004613662 0.843531966
1690472484.248740 -0.736597240 -0.080964647 -1.936022878 0.003413180 0.526907206 0.004784342 0.849902570
1690472484.315484 -0.708629191 -0.085762776 -1.919266701 0.002525879 0.516053319 0.005038909 0.856537998
1690472484.515371 -0.653207600 -0.074383758 -1.853342652 0.004682318 0.486152768 0.006807394 0.873834789
1690472484.582194 -0.629528344 -0.073349379 -1.823923111 0.004993853 0.475851566 0.006870191 0.879484653
1690472484.648693 -0.600362420 -0.076104470 -1.807190418 0.004712014 0.464061677 0.007780967 0.885756254
1690472484.715484 -0.584376574 -0.079089239 -1.787464380 0.003520636 0.453313619 0.008053839 0.891307771
1690472484.848689 -0.542189002 -0.077088729 -1.736025333 0.003079812 0.431570053 0.007822634 0.902040243
1690472484.915462 -0.522252619 -0.075916186 -1.711130977 0.002728469 0.420329720 0.008653868 0.907326102
1690472484.982065 -0.505955696 -0.078596406 -1.690839767 0.002516831 0.409192532 0.009923226 0.912390709
1690472485.048690 -0.485690832 -0.079052851 -1.675559759 0.003248045 0.397048712 0.010685748 0.917729616
1690472485.115605 -0.469491303 -0.076546252 -1.643350363 0.004178538 0.386425883 0.011191269 0.922243178
1690472485.248722 -0.437402666 -0.079389438 -1.595637441 0.002787420 0.363745600 0.011103067 0.931427956
1690472485.315568 -0.418990940 -0.074407555 -1.571367860 0.004181846 0.351330251 0.011647303 0.936169863
1690472485.382138 -0.418542385 -0.082267947 -1.542183161 0.002894391 0.341773272 0.012143226 0.939699590
1690472485.448825 -0.409737110 -0.086614281 -1.517992973 0.002830752 0.330225587 0.013468456 0.943801761
1690472485.515460 -0.391569912 -0.090781793 -1.493664980 0.002848477 0.318921208 0.013604966 0.947679341
1690472485.715492 -0.387675822 -0.098840237 -1.422176123 0.001785922 0.291845292 0.013411691 0.956369877
1690472485.782082 -0.379373044 -0.093944453 -1.393939734 0.002771807 0.283178091 0.011465375 0.958994865
1690472485.848985 -0.339681536 -0.092510797 -1.372658014 0.002900279 0.272007883 0.010478228 0.962233663
1690472485.982064 -0.312770963 -0.083996072 -1.310543299 0.004558717 0.256381661 0.009250219 0.966520607
1690472486.049000 -0.293538660 -0.083352685 -1.286897421 0.004415903 0.249056816 0.008229218 0.968443871
1690472486.115852 -0.301483929 -0.091862455 -1.267599821 0.003013344 0.243605107 0.008783630 0.969830096
1690472486.181827 -0.273466229 -0.083649181 -1.237949848 0.003966263 0.235470384 0.008078659 0.971839905
1690472486.248803 -0.267952085 -0.088292867 -1.211790085 0.002791802 0.229634568 0.008071317 0.973239481
1690472486.315527 -0.254583925 -0.085774355 -1.178807855 0.002622844 0.223487437 0.007541773 0.974674106
1690472486.448864 -0.235671684 -0.077753022 -1.129682064 0.003461892 0.211923689 0.006797683 0.977256477
1690472486.516685 -0.209221438 -0.074331582 -1.095923424 0.003692110 0.205183327 0.005407242 0.978701711
1690472486.582483 -0.225210100 -0.091576979 -1.084957242 0.001888035 0.201460034 0.007115930 0.979469121
1690472486.648831 -0.206941083 -0.082340851 -1.044814467 0.002419698 0.196624935 0.006375140 0.980455101
1690472486.715490 -0.185940325 -0.069515064 -1.006577730 0.003191710 0.191289827 0.004656870 0.981517375
1690472486.848819 -0.173827454 -0.080346979 -0.953619480 0.001075781 0.183098748 0.005165371 0.983080387
1690472486.915649 -0.161876261 -0.086314693 -0.917359352 0.000101325 0.178604618 0.005643281 0.983904779
1690472487.048889 -0.148597583 -0.088424303 -0.862831831 -0.000257517 0.171963125 0.005549378 0.985087752
1690472487.115612 -0.152287051 -0.086460903 -0.841826856 0.000020565 0.169388965 0.005903190 0.985531628
1690472487.182217 -0.144617349 -0.087793559 -0.808511198 -0.000009096 0.166027650 0.006302889 0.986101031
1690472487.248876 -0.131114498 -0.080794029 -0.774307549 0.000981039 0.162191838 0.005394499 0.986744046
1690472487.382186 -0.115754575 -0.076355137 -0.730827570 0.001618969 0.155690402 0.005281618 0.987790465
1690472487.451530 -0.105768070 -0.081931882 -0.707001805 0.000732723 0.152309090 0.005472980 0.988317549
1690472487.585791 -0.093490601 -0.075120904 -0.650019109 0.000952475 0.148509145 0.004156005 0.988901854
1690472487.648970 -0.077135310 -0.073749922 -0.615703583 0.001558122 0.145702183 0.003623526 0.989320636
1690472487.716221 -0.077242285 -0.077419169 -0.569796801 0.000732268 0.145039648 0.003586231 0.989419103
1690472487.781962 -0.071603306 -0.076244898 -0.538067818 0.000863786 0.143186018 0.004137422 0.989686787
1690472487.849115 -0.062623546 -0.076247565 -0.510841429 0.000528941 0.141363323 0.004525017 0.989947379
1690472488.049128 -0.053878166 -0.082011051 -0.424469143 -0.000162134 0.138115168 0.004449138 0.990406215
1690472488.115672 -0.045540672 -0.080166608 -0.394559175 -0.000318355 0.136444390 0.004787132 0.990636170
1690472488.182313 -0.039374985 -0.083839275 -0.369135469 -0.000971612 0.134787738 0.005532903 0.990858614
1690472488.248943 -0.047744155 -0.085574470 -0.328764796 -0.001497672 0.134867817 0.005648070 0.990846395
1690472488.315585 -0.040895194 -0.080349877 -0.308980495 -0.001207014 0.133254647 0.005405000 0.991066396
1690472488.453060 -0.017454386 -0.073034681 -0.216086924 -0.000651372 0.129805282 0.005367809 0.991524756
1690472488.515673 -0.011013579 -0.078869291 -0.183307827 -0.001804657 0.128241867 0.005137391 0.991728008
1690472488.582821 -0.004338295 -0.074411735 -0.154219911 -0.001457337 0.126321942 0.005525353 0.991972864
1690472488.648995 0.001688854 -0.078967132 -0.121997982 -0.001966043 0.124721982 0.005876216 0.992172420
1690472488.715540 0.002384923 -0.079886474 -0.097425871 -0.002469798 0.123767667 0.006121112 0.992289305
1690472488.848988 0.005257747 -0.078700617 -0.036918763 -0.002003525 0.120904729 0.006383065 0.992641628
1690472488.915685 0.009022973 -0.074137956 0.002630976 -0.001191667 0.119304851 0.005387193 0.992842317
1690472488.982368 0.013054976 -0.074785627 0.034449562 -0.000904660 0.117442049 0.006023544 0.993061066
1690472489.048982 0.014516031 -0.076202728 0.068187356 -0.001494645 0.114929341 0.006232803 0.993353009
1690472489.180613 0.014737722 -0.075867333 0.124119230 -0.001521790 0.109807312 0.006820457 0.993928373
1690472489.248966 0.036159214 -0.073820867 0.177492112 -0.001660044 0.104567654 0.007251934 0.994489968
1690472489.316953 0.036774307 -0.078975953 0.214520052 -0.002587785 0.101834461 0.007541728 0.994769454
1690472489.381203 0.031400397 -0.086575925 0.243961379 -0.003759595 0.099478155 0.007587597 0.995003700
1690472489.449071 0.018064462 -0.099571772 0.275488734 -0.005722944 0.097849235 0.008504457 0.995148480
1690472489.649588 0.013799501 -0.097970881 0.408687681 -0.004915953 0.087528080 0.008936840 0.996109843
1690472489.715711 0.007861838 -0.082815371 0.457501590 -0.002807853 0.083502494 0.009637440 0.996457040
1690472489.782328 0.018144879 -0.077423975 0.484507054 -0.002539254 0.077265158 0.010000536 0.996957242
1690472489.851730 0.022924613 -0.076029889 0.512643814 -0.002485900 0.071379110 0.010233854 0.997393727
1690472489.915714 0.013055148 -0.084573567 0.550124586 -0.003553679 0.066449009 0.010701310 0.997726142
1690472489.982352 0.009777045 -0.078402616 0.584959686 -0.003298898 0.060033921 0.011130751 0.998128891
1690472490.049210 -0.001877109 -0.083383821 0.619673669 -0.003427610 0.054209799 0.010277486 0.998470843
1690472490.115700 -0.018636692 -0.093369640 0.655164957 -0.004064770 0.048546337 0.010701038 0.998755336
1690472490.182396 -0.017444441 -0.107019059 0.715772510 -0.005266900 0.039320130 0.011390593 0.999147892
1690472490.315755 -0.030146856 -0.116042048 0.781829417 -0.006388554 0.024008617 0.011042192 0.999630392
1690472490.382466 -0.039112523 -0.116042919 0.816529214 -0.005860940 0.016072432 0.010351884 0.999800086
1690472490.449231 -0.058783658 -0.118414536 0.858807683 -0.006052381 0.008524877 0.011053796 0.999884307
1690472490.515688 -0.055095159 -0.106070556 0.874912858 -0.004682088 -0.001329778 0.010981608 0.999927878
1690472490.582710 -0.057271447 -0.108231232 0.886468589 -0.005025763 -0.010725847 0.011586140 0.999862731
1690472490.782634 -0.095832005 -0.106388383 0.994906604 -0.005105298 -0.038634673 0.012503427 0.999162138
1690472490.849137 -0.119042754 -0.108200885 1.032386065 -0.005197906 -0.047722645 0.012607981 0.998767555
1690472490.915838 -0.133608103 -0.113677323 1.061222196 -0.005887005 -0.057176191 0.013110199 0.998260677
1690472490.982497 -0.138362035 -0.108572155 1.082783341 -0.005445749 -0.068099700 0.013335277 0.997574568
1690472491.049325 -0.157264829 -0.118863449 1.124884725 -0.006247998 -0.078426443 0.012595326 0.996820748
1690472491.182519 -0.197965309 -0.123331897 1.183132887 -0.006210837 -0.099524885 0.012496592 0.994937241
1690472491.249190 -0.201852947 -0.118180186 1.221894145 -0.005581152 -0.114103980 0.013896801 0.993355989
1690472491.315958 -0.223750725 -0.122149855 1.269003868 -0.005735214 -0.126423955 0.014303714 0.991856635
1690472491.382468 -0.240391240 -0.120380551 1.302359939 -0.005209378 -0.138478130 0.014430286 0.990246654
1690472491.516651 -0.272082299 -0.122855790 1.360403776 -0.005008116 -0.162341192 0.013851285 0.986624837
1690472491.582462 -0.293095320 -0.117017098 1.398895502 -0.004047448 -0.174538106 0.013864689 0.984544516
1690472491.649209 -0.314306319 -0.117507152 1.418841481 -0.004269122 -0.185770005 0.014400074 0.982478499
1690472491.716005 -0.335463911 -0.111255467 1.461290002 -0.002764730 -0.197676048 0.013563812 0.980169654
1690472491.782516 -0.361825407 -0.111669697 1.482291698 -0.002906534 -0.208978742 0.014536607 0.977807820
1690472491.916182 -0.403006732 -0.109068587 1.546494484 -0.002724187 -0.233729884 0.015357813 0.972176433
1690472491.982443 -0.416556627 -0.106660999 1.569748402 -0.002465252 -0.246652439 0.015528654 0.968976438
1690472492.049573 -0.446713805 -0.107207820 1.591283560 -0.002975181 -0.257895976 0.016154930 0.966033101
1690472492.115812 -0.467348844 -0.102946497 1.626644850 -0.001990586 -0.270899206 0.015925553 0.962473929
1690472492.182464 -0.495185614 -0.100328669 1.647369385 -0.001734673 -0.282173783 0.015518214 0.959236324
1690472492.250150 -0.516830981 -0.100044660 1.671354294 -0.001971282 -0.294864565 0.015726915 0.955407679
1690472492.315856 -0.539779902 -0.099796914 1.700660825 -0.001349524 -0.307714492 0.015870279 0.951345444
1690472492.382513 -0.568023443 -0.094530545 1.713637590 -0.000930491 -0.319369912 0.016100299 0.947492898
1690472492.449231 -0.591015995 -0.094548643 1.738909006 -0.001072002 -0.331632406 0.016001239 0.943272412
1690472492.515757 -0.617933035 -0.099905632 1.759579062 -0.001702949 -0.343052298 0.016657101 0.939167082
1690472492.715803 -0.680672228 -0.105759248 1.799528003 -0.002116769 -0.377652526 0.017464338 0.925780237
1690472492.782844 -0.727099895 -0.108904541 1.816882610 -0.001767002 -0.388379425 0.017543525 0.921330869
1690472492.849059 -0.754493475 -0.108206019 1.835066438 -0.001214126 -0.399898946 0.017672630 0.916388035
1690472492.915831 -0.799051642 -0.109904379 1.844949961 -0.001266468 -0.409835190 0.018258134 0.911975980
1690472492.982683 -0.845872402 -0.117309473 1.853149652 -0.001814367 -0.419856131 0.018248828 0.907405436
1690472493.049253 -0.879604101 -0.132077485 1.851993561 -0.002937417 -0.429421872 0.018107517 0.902917683
1690472493.115959 -0.889548779 -0.126295015 1.839043140 -0.001949857 -0.438913107 0.018013608 0.898346841
1690472493.182537 -0.918664217 -0.128793716 1.858489513 -0.001736763 -0.450409919 0.017377248 0.892651141
1690472493.249224 -0.947255969 -0.139216006 1.848021269 -0.002475158 -0.458726913 0.016896807 0.888413250
1690472493.315954 -0.961996317 -0.144853309 1.848424673 -0.002060777 -0.467645854 0.016830131 0.883753300
1690472493.516081 -0.971449912 -0.146030381 1.878861785 -0.001386264 -0.497115582 0.016443979 0.867527485
1690472493.582519 -1.023731947 -0.163118169 1.862758279 -0.002727210 -0.503768206 0.016298160 0.863680899
1690472493.649357 -1.047716022 -0.143480346 1.886121273 -0.000596489 -0.512941718 0.017731022 0.858240187
1690472493.715913 -1.060101867 -0.149180040 1.888238192 -0.001328659 -0.520443499 0.017173344 0.853722334
1690472493.782540 -1.075303078 -0.164094657 1.900960565 -0.002746602 -0.528411627 0.015534560 0.848841727
1690472493.915991 -1.115433335 -0.168810308 1.892129779 -0.001994505 -0.542020142 0.013583273 0.840253353
1690472493.982508 -1.132827759 -0.180686742 1.914533615 -0.004064014 -0.550641239 0.012641303 0.834636450
1690472494.049619 -1.147371292 -0.182361990 1.931276679 -0.004604346 -0.558785498 0.012142933 0.829210639
1690472494.116949 -1.153965473 -0.194488570 1.953884363 -0.006670710 -0.567930877 0.010314425 0.822984636
1690472494.182537 -1.194068432 -0.170618296 1.928977489 -0.006507838 -0.572545886 0.013368130 0.819737911
1690472494.316044 -1.226912856 -0.143846408 1.941105008 -0.005004563 -0.587659717 0.013236211 0.808984399
1690472494.384984 -1.252320766 -0.160279810 1.937369227 -0.005750189 -0.594915807 0.013433908 0.803655207
1690472494.449480 -1.280078173 -0.144765034 1.930394053 -0.003594112 -0.600999355 0.015271997 0.799095571
1690472494.515947 -1.295243621 -0.134916842 1.911147594 -0.002408534 -0.606854916 0.015821140 0.794651508
1690472494.649315 -1.341462612 -0.146375626 1.878435493 -0.002011543 -0.617832780 0.016216308 0.786139786
1690472494.715954 -1.370728731 -0.159215704 1.864362121 -0.003234483 -0.623824656 0.016492786 0.781383634
1690472494.782833 -1.402069807 -0.157420039 1.864117265 -0.002814732 -0.630700409 0.017533587 0.775823236
1690472494.849335 -1.426418781 -0.153348371 1.862406969 -0.001745413 -0.637242436 0.019024529 0.770426631
1690472495.049433 -1.457634568 -0.141868010 1.866171360 0.000817393 -0.659185886 0.024171103 0.751591086
1690472495.116330 -1.485656023 -0.145415828 1.855009675 0.001883328 -0.667549968 0.026164077 0.744102776
1690472495.182702 -1.500064731 -0.143970594 1.856429577 0.003451674 -0.675753057 0.027101288 0.736621678
1690472495.249396 -1.522998333 -0.145514965 1.790428519 0.004169425 -0.679624021 0.028032133 0.733012974
1690472495.318266 -1.556482792 -0.159242809 1.726707458 0.005374613 -0.683810472 0.027439242 0.729123771
1690472495.449869 -1.568634748 -0.165019184 1.698550582 0.007088508 -0.699195921 0.025954684 0.714423656
1690472495.516210 -1.588072896 -0.152717486 1.660255790 0.008323390 -0.705995858 0.027030533 0.707651019
1690472495.583525 -1.605438113 -0.172621071 1.651823163 0.004888411 -0.714734197 0.026038298 0.698894262
1690472495.649334 -1.619942307 -0.140978381 1.612601519 0.007713867 -0.721344352 0.028857443 0.691932201
1690472495.716984 -1.638923526 -0.146651506 1.603049636 0.006864596 -0.730055153 0.029209483 0.682729244
1690472495.916117 -1.580157638 -0.155913979 1.594747305 0.001843182 -0.753295720 0.030685950 0.656963229
1690472495.982635 -1.590254545 -0.154598027 1.600486398 0.002977258 -0.764729917 0.030073568 0.643642008
1690472496.049488 -1.634013176 -0.163677901 1.560186625 0.000748135 -0.771514714 0.030640371 0.635472834
1690472496.116093 -1.673424959 -0.174514592 1.509915709 0.000367831 -0.779361784 0.029451074 0.625881612
1690472496.253005 -1.696477771 -0.194488525 1.481288314 -0.001321111 -0.796117961 0.028091762 0.604487836
1690472496.316053 -1.751131535 -0.191332519 1.484459400 -0.001203896 -0.806714177 0.028512090 0.590252459
1690472496.385737 -1.775946975 -0.204380423 1.487681866 -0.001804923 -0.815957427 0.026709320 0.577491760
1690472496.449584 -1.801760912 -0.204310954 1.450607538 -0.003046696 -0.823789299 0.027671795 0.566212118
1690472496.516099 -1.820306659 -0.194098875 1.441730022 -0.001877363 -0.832040131 0.028858105 0.553961098
1690472496.649449 -1.869062424 -0.217541143 1.410591602 -0.003324101 -0.848269761 0.026477242 0.528891742
1690472496.720019 -1.892787695 -0.204680935 1.396387100 -0.002141428 -0.856424809 0.027233711 0.515548646
1690472496.849447 -1.926733375 -0.243290573 1.336718917 -0.006287358 -0.870150805 0.024063407 0.492157578
1690472496.916773 -1.941132784 -0.237102568 1.312526703 -0.005456788 -0.876974046 0.024840351 0.479864389
1690472496.987535 -1.958883762 -0.220124558 1.300635576 -0.004692317 -0.883846045 0.026339868 0.467012286
1690472497.050176 -1.982964396 -0.242333531 1.255700231 -0.006487844 -0.889638960 0.025418926 0.455910474
1690472497.116328 -1.991585970 -0.244810596 1.242090821 -0.005534793 -0.895557165 0.024446052 0.444240034
1690472497.182843 -2.015495300 -0.241300806 1.229664087 -0.005764270 -0.901619494 0.024430174 0.431801349
1690472497.249613 -2.019597769 -0.250264019 1.198375821 -0.007003523 -0.906451523 0.023637727 0.421589732
1690472497.317269 -2.027141094 -0.264260620 1.169250011 -0.007616993 -0.911359727 0.022434203 0.410928518
1690472497.382889 -2.038636684 -0.283917516 1.150334477 -0.007489126 -0.915711999 0.020143865 0.401260227
1690472497.516222 -2.044956207 -0.303477198 1.074016809 -0.009041723 -0.922891855 0.017880332 0.384537607
1690472497.582884 -2.066610336 -0.313308448 1.064410329 -0.008354910 -0.927160919 0.015948782 0.374230474
1690472497.786885 -2.118928432 -0.308325619 1.003983378 -0.007926853 -0.937576175 0.015602753 0.347339392
1690472497.849652 -2.125873804 -0.314988434 0.975747943 -0.008393092 -0.940156937 0.015014227 0.340307385
1690472497.916559 -2.142850399 -0.317950815 0.947475910 -0.007332909 -0.942480147 0.014368081 0.333872736
1690472497.983629 -2.147144318 -0.321612358 0.914141655 -0.008133680 -0.944237828 0.014087361 0.328862190
1690472498.049606 -2.162801266 -0.323565722 0.888090491 -0.008331925 -0.946338832 0.014027987 0.322764158
1690472498.116633 -2.171350479 -0.321064591 0.859740019 -0.008274778 -0.948014796 0.013752726 0.317821354
1690472498.316085 -2.205444336 -0.347744286 0.785745144 -0.009357177 -0.953095973 0.010071692 0.302355826
1690472498.449757 -2.228667259 -0.342278898 0.715367675 -0.010309488 -0.955850422 0.010470227 0.293486118
1690472498.517094 -2.260669470 -0.347261548 0.696880579 -0.008585794 -0.957611918 0.009686156 0.287770659
1690472498.649597 -2.281874180 -0.355371594 0.632734537 -0.009265382 -0.959916651 0.009551129 0.279969513
1690472498.716246 -2.302434444 -0.359227657 0.611570120 -0.010011601 -0.961283743 0.009140733 0.275227010
1690472498.782992 -2.317078590 -0.355128765 0.583288074 -0.009590223 -0.962290883 0.009919332 0.271672666
1690472498.849610 -2.335499763 -0.362982899 0.553166628 -0.009646787 -0.963377357 0.009059832 0.267822564
1690472498.916775 -2.342597485 -0.356702954 0.534809351 -0.009916536 -0.964128137 0.009264979 0.265090257
1690472499.052581 -2.360642672 -0.358861864 0.481304526 -0.010183509 -0.965398550 0.009326462 0.260413200
1690472499.116210 -2.377543926 -0.363873690 0.464185715 -0.010029613 -0.966110408 0.007937971 0.257812351
1690472499.183079 -2.389019489 -0.367266446 0.428427935 -0.009720005 -0.966487229 0.007835166 0.256410956
1690472499.249611 -2.411399841 -0.360146463 0.395396829 -0.010637397 -0.967336237 0.008461524 0.253132045
1690472499.317450 -2.427992821 -0.361487806 0.368527532 -0.010628621 -0.967917681 0.008397967 0.250902086
1690472499.516428 -2.460999966 -0.359585911 0.293434262 -0.011225361 -0.969333351 0.007454876 0.245380059
1690472499.585916 -2.477239609 -0.357561976 0.278775573 -0.011619108 -0.969923258 0.006966118 0.243033767
1690472499.649573 -2.486728668 -0.356979817 0.257844448 -0.012021722 -0.970426917 0.006651559 0.241004080
1690472499.716524 -2.497998476 -0.361670971 0.236037016 -0.011933856 -0.970802963 0.005256850 0.239523768
1690472499.849771 -2.525826454 -0.361114025 0.187634110 -0.011436614 -0.971807778 0.005026302 0.235443354
1690472499.917890 -2.529566765 -0.361388683 0.159346700 -0.011420124 -0.972017944 0.004716343 0.234581649
1690472499.982903 -2.540098429 -0.359958291 0.150459528 -0.012199534 -0.972656250 0.004063239 0.231893435
1690472500.049721 -2.554662466 -0.361087084 0.119878054 -0.011548216 -0.973088622 0.004435072 0.230099007
1690472500.116472 -2.567901611 -0.362628847 0.095246077 -0.011737927 -0.973563850 0.004072253 0.228076875
1690472500.249949 -2.582267284 -0.364987314 0.045552015 -0.011820163 -0.974280596 0.004391308 0.224985301
1690472500.316498 -2.595102787 -0.359569669 0.031687737 -0.011090471 -0.974836409 0.004430336 0.222601578
1690472500.387090 -2.603203773 -0.362322569 0.006885052 -0.011407267 -0.975210249 0.004195189 0.220946386
1690472500.449915 -2.619758129 -0.359344304 -0.019271135 -0.011166168 -0.975720882 0.004017736 0.218696386
1690472500.583097 -2.631713867 -0.361108601 -0.063829422 -0.011464521 -0.976365864 0.004110762 0.215781167
1690472500.716573 -2.649653912 -0.362468541 -0.104821205 -0.012099709 -0.977217555 0.002837988 0.211875990
1690472500.782861 -2.661719799 -0.354530722 -0.126389027 -0.011240245 -0.977698624 0.003137402 0.209688708
1690472500.849779 -2.669396400 -0.342485696 -0.146605492 -0.011527005 -0.978232384 0.003996643 0.207153589
1690472500.917871 -2.679144621 -0.351553828 -0.171293736 -0.010455141 -0.978771508 0.002766565 0.204669029
1690472500.983155 -2.682742596 -0.342590272 -0.193347931 -0.010965026 -0.979271948 0.003691393 0.202219546
1690472501.052141 -2.695691109 -0.353349149 -0.217152596 -0.009976878 -0.979876757 0.002484962 0.199338675
1690472501.116393 -2.703699112 -0.349005193 -0.232756853 -0.010929663 -0.980466723 0.002356710 0.196367279
1690472501.183260 -2.724007130 -0.353635728 -0.263707161 -0.010458418 -0.981236935 0.001860471 0.192513362
1690472501.249798 -2.718918324 -0.359613061 -0.287760258 -0.011136263 -0.981599033 0.000847645 0.190626815
1690472501.317270 -2.732997894 -0.354396939 -0.311404705 -0.011367311 -0.982359707 0.001418560 0.186650008
1690472501.449753 -2.745769501 -0.348360658 -0.356546879 -0.011370299 -0.983694792 0.001903291 0.179476559
1690472501.583091 -2.757929564 -0.351671457 -0.397169352 -0.010193205 -0.985061646 0.001426472 0.171894461
1690472501.649748 -2.760765076 -0.343864024 -0.427482605 -0.010186321 -0.985784709 0.002159028 0.167690694
1690472501.716611 -2.773835659 -0.349766105 -0.457959652 -0.009777617 -0.986628532 0.001103932 0.162687913
1690472501.849722 -2.788919449 -0.351286918 -0.504418612 -0.009466953 -0.988377035 0.001597301 0.151719138
1690472501.916712 -2.795088530 -0.352645934 -0.526042938 -0.009073976 -0.989211857 0.001201353 0.146205917
1690472501.983073 -2.795643568 -0.348806053 -0.545344114 -0.009263826 -0.989894092 0.001049258 0.141502023
1690472502.049817 -2.796592474 -0.337155133 -0.565292716 -0.008729588 -0.990661204 0.002765974 0.136038885
1690472502.116522 -2.799723148 -0.340087414 -0.595389485 -0.008860396 -0.991503298 0.002387476 0.129757553
1690472502.249841 -2.812627792 -0.341757059 -0.648618579 -0.009577027 -0.993178189 0.002158686 0.116192825
1690472502.316493 -2.829575539 -0.351211131 -0.687336326 -0.009247106 -0.994154930 0.001511387 0.107556112
1690472502.383055 -2.836237192 -0.348015428 -0.707122803 -0.010875965 -0.994909704 0.001383563 0.100172274
1690472502.516493 -2.822531700 -0.346384555 -0.730416656 -0.011234481 -0.996173382 0.000863587 0.086669862
1690472502.583103 -2.823923826 -0.342959732 -0.759419084 -0.010213196 -0.996809542 0.001456579 0.079148412
1690472502.716962 -2.838679790 -0.331547469 -0.843768477 -0.010496793 -0.998067915 0.003453769 0.061142351
1690472502.782803 -2.847494841 -0.337755352 -0.869253635 -0.009502064 -0.998593152 0.003021443 0.052080151
1690472502.849858 -2.841262817 -0.342541426 -0.897357941 -0.009839235 -0.998976171 0.002548250 0.044083729
1690472502.916449 -2.830077887 -0.338268727 -0.925887346 -0.009933897 -0.999289215 0.002926945 0.036248509
1690472502.983312 -2.832761526 -0.341956168 -0.959651113 -0.010427133 -0.999589682 0.002493479 0.026563795
1690472503.116631 -2.824189186 -0.345963240 -1.023872614 -0.009812645 -0.999921024 0.001827141 0.007641912
1690472503.183320 -2.824995518 -0.347078741 -1.057975888 0.009716199 0.999946535 -0.001692023 0.003106719
1690472503.249896 -2.818046570 -0.350461572 -1.086547732 0.008807603 0.999875546 -0.001342639 0.013022402
1690472503.316624 -2.800152779 -0.358052284 -1.117188215 0.008484672 0.999732018 -0.000315982 0.021538762
1690472503.383294 -2.790783167 -0.356437266 -1.139883280 0.007850028 0.999478817 -0.000274920 0.031312905
1690472503.653821 -2.685693979 -0.333631724 -1.140388012 0.003892017 0.998472571 -0.002297991 0.055064924
1690472503.716898 -2.665780544 -0.339035302 -1.165967226 0.002924956 0.997945845 -0.001389314 0.063981123
1690472503.783036 -2.647897482 -0.342111528 -1.192435265 0.002876230 0.997315168 -0.000603373 0.073170997
1690472503.849906 -2.625673532 -0.337631047 -1.207520962 0.001584148 0.996724188 -0.001130787 0.080853209
1690472503.916740 -2.607614040 -0.353050649 -1.226462722 0.000192287 0.995954275 0.001225502 0.089852780
1690472503.983215 -2.580413342 -0.355906665 -1.252637863 0.001558793 0.995106637 0.002586732 0.098761141
1690472504.049989 -2.589907885 -0.352507383 -1.278541446 0.000498252 0.993802965 0.002760056 0.111121185
1690472504.116598 -2.572467804 -0.369472295 -1.294471860 0.000043580 0.992766142 0.006086852 0.119909979
1690472504.183191 -2.553979635 -0.368162721 -1.321133852 0.000357873 0.991538942 0.005886301 0.129676074
1690472504.250063 -2.527724981 -0.342236578 -1.345041871 0.000578453 0.990433216 0.002942095 0.137960255
1690472504.383237 -2.479662180 -0.376027852 -1.357812643 -0.000966034 0.988280535 0.008166251 0.152427286
1690472504.450121 -2.437732458 -0.397843748 -1.364433765 -0.002346543 0.987216651 0.010607379 0.159013510
1690472504.516608 -2.451460361 -0.376081139 -1.375727296 -0.000674565 0.985289395 0.008775405 0.170667186
1690472504.651283 -2.450404644 -0.353053480 -1.472141743 -0.001983175 0.980541945 0.005217838 0.196230307
1690472504.849996 -2.427839994 -0.354016989 -1.515468478 -0.004510844 0.973910987 0.006663465 0.226787865
1690472504.916599 -2.351390123 -0.362057090 -1.536825299 -0.003366373 0.972758889 0.007535216 0.231672391
1690472504.985988 -2.305316687 -0.355059326 -1.557214022 -0.003791036 0.970882535 0.006195300 0.239446148
1690472505.049965 -2.265212297 -0.347251594 -1.572674274 -0.002991656 0.969013214 0.004607973 0.246947944
1690472505.116549 -2.248548508 -0.344042450 -1.597663522 -0.004566688 0.966218710 0.003706812 0.257656336
1690472505.183453 -2.176892281 -0.340991616 -1.582227945 -0.005366826 0.965465963 0.002632002 0.260460675
1690472505.249978 -2.155107737 -0.340623349 -1.601992249 -0.005271948 0.962889194 0.002745451 0.269831568
1690472505.318684 -2.136809826 -0.344820678 -1.627138853 -0.005384362 0.959999025 0.002996481 0.279935628
1690472505.383506 -2.118061781 -0.344735265 -1.649282217 -0.005380040 0.957050323 0.002690145 0.289859444
1690472505.449985 -2.075778484 -0.349088252 -1.629155397 -0.004943798 0.955607057 0.003567951 0.294581145
1690472505.583356 -2.010693789 -0.321774960 -1.636415839 -0.002118420 0.950994670 0.000377160 0.309199691
1690472505.718070 -1.946738005 -0.330881178 -1.656441689 -0.001434726 0.945562899 0.001531920 0.325432718
1690472505.849917 -1.879710913 -0.293518394 -1.650613546 0.002067302 0.941141903 -0.001828939 0.338000447
1690472505.916832 -1.839831352 -0.290308803 -1.664461970 0.002620910 0.938449621 -0.002552645 0.345396876
1690472505.983323 -1.809589624 -0.283352554 -1.659480572 0.002507332 0.936220407 -0.003004966 0.351391584
1690472506.050052 -1.794914246 -0.306965172 -1.653889775 0.001019915 0.933628082 0.000102454 0.358242273
1690472506.116935 -1.776314974 -0.321592033 -1.657482862 0.000679262 0.930850148 0.001833398 0.365396082
1690472506.183350 -1.756635904 -0.330586970 -1.661987066 0.000425807 0.928030312 0.003265786 0.372490257
1690472506.250264 -1.708237410 -0.280736715 -1.672105432 0.003484213 0.925803363 -0.002687044 0.377979934
1690472506.317149 -1.686782837 -0.310691208 -1.668245316 0.002246259 0.923252523 0.001246878 0.384185135
1690472506.383399 -1.667487144 -0.307815015 -1.662715435 0.002771885 0.920988560 0.001379551 0.389577478
1690472506.516706 -1.623109579 -0.315909624 -1.649032235 0.002220259 0.916486144 0.003174958 0.400047839
1690472506.583325 -1.595543623 -0.302353650 -1.679971695 0.002633160 0.913004994 0.000380320 0.407939792
1690472506.650393 -1.553299904 -0.290311635 -1.652614594 0.003786504 0.912174106 -0.000009395 0.409785450
1690472506.716705 -1.533947468 -0.274311781 -1.673515320 0.005341220 0.908502877 -0.002648107 0.417836130
1690472506.783486 -1.495670319 -0.264304727 -1.666025519 0.006001954 0.906625748 -0.003802801 0.421876073
1690472506.850067 -1.478440523 -0.280228376 -1.672432065 0.005043960 0.903585136 -0.001940248 0.428374648
1690472506.920697 -1.451803684 -0.274582475 -1.670262337 0.004814296 0.901169658 -0.002723218 0.433431417
1690472506.983444 -1.420561075 -0.274321020 -1.677544355 0.005332956 0.898396015 -0.002281404 0.439148128
1690472507.117921 -1.369191885 -0.276416123 -1.673998833 0.006013991 0.893648505 -0.001659773 0.448724389
1690472507.316714 -1.302262306 -0.282275438 -1.684434772 0.006020013 0.884646118 -0.000107828 0.466224372
1690472507.383576 -1.255958080 -0.270357043 -1.731937885 0.007124480 0.879427493 -0.002260953 0.475974292
1690472507.516831 -1.193657398 -0.265596181 -1.780962706 0.009281044 0.870737255 -0.002004421 0.491656929
1690472507.583534 -1.170925856 -0.276228726 -1.793234706 0.008887034 0.866990328 -0.001063584 0.498244613
1690472507.650080 -1.128622293 -0.281584263 -1.850125432 0.009291972 0.860343158 -0.000565920 0.509630442
1690472507.718536 -1.115037441 -0.270081133 -1.860793591 0.010294311 0.856245279 -0.001779145 0.516463876
1690472507.784805 -1.069018126 -0.280530691 -1.840091348 0.010579941 0.854584277 0.000356521 0.519204915
1690472507.850090 -1.039788723 -0.268608332 -1.844677687 0.010242167 0.851033032 -0.001984158 0.525008619
1690472507.917974 -1.018087387 -0.279760063 -1.854999781 0.010167395 0.846618354 -0.000117768 0.532103360
1690472507.986018 -1.006205678 -0.300364077 -1.867601514 0.008568187 0.842091322 0.003022844 0.539258540
1690472508.050147 -0.974684477 -0.281235754 -1.872570395 0.011042202 0.838277638 0.001163222 0.545130670
1690472508.119605 -0.941729784 -0.309332967 -1.870836616 0.008735500 0.834911406 0.004101408 0.550299823
1690472508.316893 -0.852365851 -0.282047212 -1.813273191 0.007563406 0.829520762 -0.001759358 0.558421850
1690472508.383663 -0.814954877 -0.275585383 -1.821492434 0.007799680 0.825219512 -0.002932210 0.564750731
1690472508.450233 -0.782830834 -0.272738397 -1.820301771 0.008170608 0.821372032 -0.003552132 0.570323288
1690472508.516867 -0.754641891 -0.269471020 -1.839812040 0.008381365 0.816393375 -0.004067728 0.577421129
1690472508.583593 -0.726690054 -0.265167415 -1.858507156 0.009583991 0.811377347 -0.003809915 0.584431767
1690472508.716802 -0.660485387 -0.276726484 -1.874041438 0.010209419 0.801864028 -0.002588044 0.597413719
1690472508.783612 -0.626923203 -0.286725819 -1.881592393 0.009543243 0.796890378 -0.001936442 0.604045510
1690472508.850256 -0.591217279 -0.273452401 -1.888803005 0.010227946 0.791702986 -0.003635088 0.610809803
1690472508.916815 -0.562455773 -0.272085130 -1.902269006 0.010445995 0.785809755 -0.003998399 0.618367195
1690472508.983605 -0.528188348 -0.282847226 -1.905373216 0.009445131 0.780474842 -0.003145724 0.625107944
1690472509.185859 -0.464099050 -0.288732082 -1.861646175 0.009917941 0.768515468 -0.003532685 0.639744580
1690472509.248005 -0.409108520 -0.292271405 -1.887120008 0.010847275 0.760357976 -0.001439692 0.649412155
1690472509.383692 -0.381102204 -0.281831443 -1.864189386 0.010482730 0.751963437 -0.004151719 0.659108520
1690472509.453935 -0.367590070 -0.299108118 -1.857896328 0.008911533 0.746680439 -0.001729139 0.665121138
1690472509.583595 -0.295645237 -0.309296638 -1.836940169 0.007707762 0.737969339 -0.001611966 0.674788415
1690472509.650414 -0.267944217 -0.312943369 -1.838170528 0.007167589 0.732083201 -0.001305880 0.681176364
1690472509.716940 -0.235576749 -0.307434380 -1.848844171 0.007867470 0.725642443 -0.001973060 0.688024223
1690472509.783561 -0.207969904 -0.307914615 -1.842952490 0.007231864 0.720356166 -0.002312955 0.693562865
1690472509.850329 -0.180725574 -0.308702230 -1.840503097 0.006997823 0.714848459 -0.002455255 0.699240208
1690472510.117103 -0.093408346 -0.302714884 -1.822740674 0.008257014 0.694396496 -0.004353740 0.719532073
1690472510.183669 -0.060865879 -0.310586631 -1.831130743 0.007183071 0.687880337 -0.003351360 0.725780904
1690472510.250349 -0.051652670 -0.306899756 -1.813026071 0.007217550 0.684204042 -0.004034317 0.729243875
1690472510.317008 -0.011865735 -0.299761415 -1.833626390 0.007887485 0.677321017 -0.004562724 0.735631227
1690472510.383627 0.014817238 -0.301938295 -1.836062789 0.008321753 0.671502352 -0.002984352 0.740949690
1690472510.516987 0.037054777 -0.316942662 -1.818599224 0.007246308 0.663686931 -0.001938454 0.747972965
1690472510.583605 0.055099964 -0.312107980 -1.803886294 0.008269335 0.660117865 -0.002044039 0.751113832
1690472510.650440 0.072083712 -0.318512052 -1.801470518 0.007400028 0.655754149 -0.001346971 0.754937053
1690472510.783543 0.126676202 -0.321381241 -1.807661891 0.006512550 0.646304607 -0.002473168 0.763047755
1690472510.922465 0.163468242 -0.302246273 -1.785486221 0.008857564 0.639692962 -0.001811090 0.768577456
1690472510.985218 0.177163720 -0.280362546 -1.736210823 0.008797704 0.641232669 -0.006041431 0.767272413
1690472511.116993 0.226362109 -0.282007039 -1.762039661 0.007429465 0.630083323 -0.006776656 0.776462495
1690472511.183647 0.316231608 -0.318462759 -1.689446568 0.003924860 0.631936014 -0.001477081 0.775009215
1690472511.316961 0.360092402 -0.332805753 -1.690448761 0.002692939 0.624469638 0.000355668 0.781044364
1690472511.383874 0.391623020 -0.317862809 -1.681790829 0.005274504 0.621743023 0.000017190 0.783203602
1690472511.517120 0.448696613 -0.322282791 -1.692374825 0.004238913 0.613941789 0.001315826 0.789338887
1690472511.583846 0.478023052 -0.325125933 -1.697414756 0.003999456 0.610437632 0.001739996 0.792052388
1690472511.650346 0.503849983 -0.326707214 -1.705479145 0.003533998 0.607275784 0.001249997 0.794482231
1690472511.717094 0.516351104 -0.327815592 -1.706185460 0.002774327 0.604547918 0.001067945 0.796563268
1690472511.850319 0.546455383 -0.326260298 -1.673105121 0.002131735 0.603164911 0.000490933 0.797613502
1690472511.917637 0.560276031 -0.322540492 -1.654474974 0.002218434 0.603287220 -0.000425514 0.797520816
1690472511.983713 0.551832914 -0.321492374 -1.630993605 0.002197789 0.605166733 -0.000413756 0.796095669
1690472512.050359 0.569788694 -0.322279721 -1.637190342 0.001498609 0.603435874 -0.001288668 0.797409117
1690472512.118178 0.585660934 -0.313384205 -1.634841323 0.002824962 0.602569878 -0.001543765 0.798059702
1690472512.183672 0.617829323 -0.310697079 -1.624242902 0.003095193 0.602456093 -0.001728441 0.798144221
1690472512.250495 0.629035711 -0.316071510 -1.616980076 0.002448298 0.603125155 -0.000670038 0.797642589
1690472512.383654 0.694530725 -0.320206344 -1.623408437 0.003816701 0.600918233 0.000318430 0.799301386
1690472512.450468 0.700930715 -0.326297760 -1.616171241 0.002201838 0.602053165 0.000155700 0.798452973
1690472512.517480 0.726179600 -0.321343243 -1.615867734 0.003311221 0.602133274 -0.000435688 0.798388660
1690472512.650924 0.772195101 -0.310112655 -1.620362639 0.003923218 0.602365375 -0.001592704 0.798209310
1690472512.719226 0.807083249 -0.302510947 -1.615839124 0.005119656 0.603477001 -0.002578938 0.797359884
1690472512.781603 0.812861443 -0.319389075 -1.620703936 0.004327345 0.604232192 0.000398095 0.796796501
1690472512.850541 0.824330926 -0.314352214 -1.620919943 0.005617857 0.605558515 0.000300853 0.795780897
1690472512.917061 0.969059944 -0.286107183 -1.558702469 0.004615713 0.612350643 -0.006312564 0.790547609
1690472512.983815 0.991334915 -0.287248671 -1.562092066 0.004619346 0.613191187 -0.005905153 0.789899051
1690472513.050579 1.013369083 -0.292554468 -1.563009262 0.004350220 0.614416838 -0.005445019 0.788950861
1690472513.117060 1.033667207 -0.292290777 -1.562808275 0.004351689 0.615698099 -0.005237843 0.787952721
1690472513.183835 1.059518218 -0.290169120 -1.568497658 0.004830539 0.616319716 -0.005259624 0.787463665
1690472513.317220 1.101678014 -0.298183501 -1.571665525 0.004243926 0.619810224 -0.004537864 0.784727097
1690472513.584082 1.192019820 -0.293068260 -1.588418007 0.006227409 0.627816916 -0.005473988 0.778316915
1690472513.650422 1.198629975 -0.300457954 -1.580897808 0.005702001 0.631459355 -0.003607043 0.775379658
1690472513.717193 1.234565616 -0.295775563 -1.588237524 0.006066339 0.633336186 -0.004609635 0.773839355
1690472513.783828 1.256784916 -0.296010762 -1.591401577 0.006017664 0.635615706 -0.004967449 0.771966279
1690472513.850508 1.285530210 -0.293938100 -1.610626698 0.006818106 0.636619389 -0.005078705 0.771131337
1690472513.917161 1.294487834 -0.294983596 -1.610376596 0.007113624 0.639777422 -0.003828879 0.768517852
1690472513.983827 1.311634898 -0.302200198 -1.611376286 0.006147481 0.642413199 -0.002727828 0.766328990
1690472514.183875 1.452803373 -0.270775229 -1.599115849 0.007232234 0.656776488 -0.009874865 0.753986001
1690472514.250523 1.476457357 -0.269757897 -1.610794544 0.007432223 0.659032583 -0.009928986 0.752012193
1690472514.317630 1.498819470 -0.267363787 -1.620235801 0.007777561 0.661622226 -0.010317679 0.749726117
1690472514.383880 1.522040963 -0.267756730 -1.631799698 0.008432964 0.664213061 -0.009598684 0.747434199
1690472514.517195 1.563319325 -0.270965636 -1.647697926 0.008253808 0.669586480 -0.008651024 0.742637873
1690472514.650794 1.597309589 -0.276089013 -1.655410290 0.006793383 0.675838828 -0.007980911 0.736975014
1690472514.783866 1.640617371 -0.269913048 -1.671264887 0.007675497 0.680558562 -0.008414119 0.732605219
1690472514.850677 1.653955698 -0.279673636 -1.674399614 0.006935921 0.683320522 -0.005715227 0.730063200
1690472514.983811 1.684784174 -0.289506584 -1.681445837 0.006448834 0.687588274 -0.003492539 0.726063848
1690472515.186079 1.796604395 -0.272870034 -1.690478086 0.008108420 0.696750820 -0.007697556 0.717226207
1690472515.384096 1.860766053 -0.268014878 -1.712395191 0.009218239 0.699089289 -0.007880109 0.714931607
1690472515.450710 1.883977890 -0.270294994 -1.720265985 0.009228894 0.698905826 -0.006826117 0.715121627
1690472515.517219 1.901694179 -0.270669818 -1.723228216 0.009042331 0.698740959 -0.006284946 0.715290070
1690472515.584154 1.915701032 -0.280432075 -1.723592281 0.009064948 0.698719263 -0.003605602 0.715329528
1690472515.650559 1.937274337 -0.273874670 -1.725359440 0.009674915 0.698202670 -0.004885673 0.715818167
1690472515.783993 1.971736193 -0.280104697 -1.730125785 0.008310480 0.695751011 -0.003335472 0.718227327
1690472515.850599 1.994410872 -0.283132106 -1.734081864 0.008083568 0.693887770 -0.002712975 0.720032692
1690472515.921259 2.005310774 -0.285583436 -1.727021933 0.007434303 0.693086624 -0.002915807 0.720810175
1690472515.983974 2.026802301 -0.279505998 -1.727169275 0.008200329 0.691430748 -0.003527597 0.722387671
1690472516.050542 2.038299561 -0.288023800 -1.724316835 0.007450556 0.689568400 -0.001516456 0.724180698
1690472516.250622 2.126682758 -0.300936639 -1.709788799 0.005794805 0.683374941 0.003030566 0.730038404
1690472516.318918 2.142744541 -0.300374001 -1.707299590 0.006252406 0.680284202 0.003708608 0.732912481
1690472516.382649 2.167843342 -0.297563970 -1.706955910 0.006712105 0.676351726 0.003675706 0.736539125
1690472516.450813 2.184649467 -0.302408963 -1.701029897 0.006308925 0.672734737 0.004376452 0.739844024
1690472516.584630 2.215757608 -0.304876447 -1.689542055 0.005626450 0.665199697 0.004952991 0.746627927
1690472516.650694 2.244290829 -0.303265870 -1.686205983 0.005855678 0.660083950 0.005224500 0.751150906
1690472516.719274 2.264386654 -0.307474673 -1.686373949 0.005234829 0.654661417 0.007014202 0.755871594
1690472516.782048 2.269032001 -0.303804368 -1.675560594 0.005492265 0.651121855 0.005617847 0.758932531
1690472516.852809 2.278626919 -0.304959238 -1.672950506 0.005592072 0.646081090 0.006997799 0.763216197
1690472516.983970 2.302537918 -0.314666688 -1.651982069 0.004922901 0.636246204 0.009534923 0.771411479
1690472517.050892 2.316996098 -0.313731462 -1.649308205 0.004955180 0.630443990 0.009612538 0.776159465
1690472517.117352 2.343322515 -0.301434040 -1.636522651 0.006825978 0.625131369 0.007427179 0.780454397
1690472517.184043 2.356876850 -0.302482575 -1.632695198 0.007006240 0.619144201 0.008171158 0.785203516
1690472517.250645 2.399804115 -0.299192458 -1.620472550 0.007824373 0.611970663 0.007785368 0.790803492
1690472517.317328 2.443258762 -0.304168880 -1.595109701 0.006978512 0.607328117 0.009043738 0.794368982
1690472517.384148 2.462193489 -0.302889556 -1.586471558 0.007095238 0.601225913 0.009032140 0.798996568
1690472517.517484 2.502951622 -0.301880330 -1.560289741 0.007019134 0.589089274 0.008509704 0.807992637
1690472517.584221 2.511299133 -0.302262872 -1.548728228 0.007460473 0.583091438 0.008884004 0.812323749
1690472517.650722 2.528470039 -0.300394446 -1.536533475 0.007020704 0.576942623 0.008099486 0.816714406
1690472517.717495 2.535958767 -0.304312289 -1.523210764 0.007211272 0.571441948 0.009127030 0.820560038
1690472517.852516 2.576966763 -0.299595416 -1.491490722 0.007958759 0.558338761 0.009336151 0.829522371
1690472517.917601 2.582927704 -0.308190674 -1.486131430 0.007659313 0.551538527 0.010627325 0.834046602
1690472518.250719 2.616306782 -0.310038865 -1.418274641 0.009004706 0.523222744 0.010707412 0.852081120
1690472518.317547 2.626372814 -0.315996200 -1.382130384 0.008889525 0.518350363 0.012301853 0.855033696
1690472518.384156 2.639091492 -0.312998086 -1.391546488 0.008916163 0.510887563 0.011119191 0.859529436
1690472518.517554 2.667740345 -0.312244087 -1.368204474 0.009593364 0.498422444 0.011091126 0.866810322
1690472518.584097 2.678376436 -0.307273030 -1.348261833 0.010214441 0.493126273 0.010639401 0.869832754
1690472518.650849 2.684243679 -0.316896498 -1.339301825 0.009464990 0.486975193 0.011829836 0.873284400
1690472518.717456 2.709264755 -0.313313037 -1.318615913 0.010319913 0.480900526 0.011372604 0.876640677
1690472518.784100 2.705618620 -0.307539642 -1.305524111 0.011297733 0.476232529 0.011377026 0.879173219
1690472518.984140 2.730646849 -0.315941036 -1.273275852 0.010861825 0.459613800 0.010927605 0.887985229
1690472519.184198 2.749667645 -0.328262120 -1.238077879 0.009867324 0.444272101 0.010864872 0.895771742
1690472519.251225 2.749450684 -0.317804039 -1.222929716 0.011126386 0.441108048 0.010488294 0.897323787
1690472519.317458 2.752799034 -0.319571614 -1.209578753 0.010960240 0.436360031 0.010257277 0.899646938
1690472519.384253 2.755906343 -0.319110334 -1.191439390 0.011175403 0.432019740 0.010551781 0.901733220
1690472519.454892 2.757871389 -0.322546422 -1.179146886 0.011108755 0.427479714 0.010699452 0.903893352
1690472519.517538 2.769093990 -0.322384238 -1.166586041 0.011204893 0.422190279 0.010340993 0.906379044
1690472519.585732 2.774984360 -0.322282881 -1.151746035 0.011364480 0.417446047 0.010034746 0.908575237
1690472519.717462 2.791700363 -0.323517472 -1.131424904 0.011580649 0.407224625 0.009269572 0.913207591
1690472519.784316 2.789945364 -0.322485745 -1.116597533 0.011778630 0.403257817 0.008910133 0.914967239
1690472519.850894 2.803209543 -0.315608144 -1.096139073 0.012952717 0.397797436 0.008153948 0.917345643
1690472519.917783 2.808777809 -0.314845026 -1.086939812 0.013042883 0.392749459 0.007487920 0.919522583
1690472520.117596 2.817122936 -0.317884773 -1.061978579 0.012816802 0.377379805 0.007358308 0.925940633
1690472520.184202 2.805621862 -0.320634693 -1.034760237 0.012558828 0.374293178 0.007238083 0.927197158
1690472520.250843 2.824539185 -0.319996387 -1.030288100 0.012927127 0.367682755 0.007341714 0.929832458
1690472520.317701 2.830433130 -0.320901841 -1.020786762 0.012883413 0.362592906 0.007072511 0.931831777
1690472520.450849 2.835486412 -0.323613852 -0.987583995 0.013270182 0.353704840 0.007614485 0.935231984
1690472520.520152 2.850297928 -0.307856321 -0.975591183 0.015178110 0.348092169 0.006657228 0.937313855
1690472520.650948 2.856924534 -0.315682262 -0.962299466 0.014984503 0.338285118 0.007001052 0.940898359
1690472520.717686 2.857141256 -0.311283439 -0.943570256 0.016157340 0.334095120 0.006169747 0.942380726
1690472520.784552 2.853126526 -0.320858508 -0.936744273 0.014978701 0.330573976 0.006570696 0.943638325
1690472520.916948 2.853126764 -0.320858508 -0.936744511 0.014978698 0.330573976 0.006570697 0.943638325
1690472520.984820 2.867975235 -0.322642326 -0.933265269 0.014738524 0.316158682 0.005783147 0.948574245
1690472521.051118 2.860981464 -0.313470066 -0.919593215 0.016000673 0.313159078 0.005715683 0.949548721
1690472521.117577 2.871314049 -0.323741049 -0.912632287 0.014575446 0.308410615 0.005750651 0.951124310
1690472521.184229 2.870246887 -0.338096470 -0.916128695 0.013117737 0.304005504 0.005013242 0.952566803
1690472521.253955 2.860478401 -0.337268978 -0.904097140 0.013197614 0.301551729 0.006477329 0.953336477
1690472521.317765 2.858885527 -0.339739501 -0.905387342 0.013212615 0.297502786 0.005854805 0.954611599
1690472521.384359 2.863305092 -0.339566261 -0.899078846 0.013496293 0.293014467 0.007143484 0.955986083
1690472521.517612 2.873716116 -0.328533530 -0.894744873 0.014447942 0.285166562 0.004492108 0.958358586
1690472521.584523 2.882665634 -0.335109740 -0.884159565 0.013892543 0.281014532 0.005198769 0.959588885
1690472521.650988 2.878922224 -0.340303272 -0.885784924 0.013610757 0.277521133 0.005638034 0.960606575
1690472521.717618 2.845387459 -0.346419662 -0.867754638 0.013107443 0.278040856 0.005136477 0.960466087
1690472521.853554 2.867183447 -0.334675252 -0.854973614 0.014069952 0.269939959 0.005530375 0.962758482
1690472521.917726 2.896468401 -0.335877508 -0.858159125 0.014146969 0.264373511 0.003966297 0.964308441
1690472521.984341 2.887513638 -0.349497914 -0.849620402 0.012968243 0.261924326 0.005104601 0.964987814
1690472522.050995 2.871873856 -0.347575396 -0.856539786 0.012790192 0.261256963 0.002863707 0.965180337
1690472522.117879 2.867827415 -0.340104640 -0.868667662 0.013630677 0.258363008 0.003961248 0.965943635
1690472522.250885 2.875939131 -0.338920623 -0.859351099 0.013746692 0.252996325 0.004063054 0.967361093
1690472522.318007 2.873245239 -0.343313754 -0.850310445 0.013358695 0.251408279 0.003949641 0.967780888
1690472522.384382 2.872520208 -0.340537280 -0.846791387 0.013788261 0.250039876 0.003891179 0.968129516
1690472522.451286 2.873197317 -0.340783715 -0.843285978 0.013832982 0.248468176 0.003814882 0.968533814
1690472522.521423 2.874524593 -0.342512697 -0.840756118 0.013586186 0.246973783 0.003832522 0.968919337
1690472522.584517 2.874891281 -0.343124121 -0.839522004 0.013565466 0.245966300 0.004102269 0.969174802
1690472522.717674 2.875540972 -0.344245553 -0.836319625 0.013399405 0.244394749 0.003835994 0.969575703
1690472522.784371 2.875936747 -0.343965054 -0.837523282 0.013427594 0.244152933 0.003726809 0.969636679
1690472522.921082 2.876042604 -0.345381528 -0.838081241 0.013233083 0.244057804 0.003438680 0.969664335
1690472522.984322 2.874907970 -0.343792886 -0.836449802 0.013689489 0.244128317 0.003439671 0.969640255
1690472523.051208 2.876005650 -0.345693886 -0.837896109 0.013709968 0.243811458 0.003686383 0.969718814
1690472523.117818 2.873959064 -0.345525593 -0.835620582 0.013796541 0.243962020 0.003893317 0.969678879
1690472523.184362 2.872771978 -0.347556114 -0.840025187 0.013308350 0.244218051 0.004141846 0.969620228
1690472523.251226 2.874909163 -0.347784996 -0.839059353 0.013279937 0.244081587 0.004047860 0.969655395
1690472523.317731 2.873228312 -0.345517278 -0.838283658 0.013412851 0.244237304 0.003958297 0.969614685
1690472523.452006 2.872663260 -0.345728070 -0.839042306 0.013521438 0.244416624 0.003786698 0.969568729
1690472523.517747 2.873676538 -0.345402062 -0.837303162 0.013481124 0.244186953 0.003916487 0.969626606
1690472523.653839 2.873744488 -0.345819175 -0.839656234 0.013397037 0.244178891 0.004027001 0.969629347
1690472523.717720 2.873972893 -0.345982701 -0.842744827 0.013452351 0.244201064 0.003641073 0.969624519
1690472523.851372 2.873349667 -0.347516507 -0.847574532 0.012964204 0.244316235 0.003726641 0.969601870
1690472523.985991 2.871770859 -0.346101820 -0.846454740 0.013240993 0.244412675 0.003951050 0.969572902
1690472524.051579 2.872757435 -0.345745385 -0.843153119 0.013465669 0.244282126 0.003874412 0.969602942
