1690471669.889941 0.000000000 0.000000000 0.000000000 -0.000000000 -0.000000000 -0.000000000 1.000000000
1690471669.956186 0.000406445 -0.001013904 -0.000862007 -0.000226921 0.000044378 0.000007892 1.000000000
1690471670.023043 0.000391390 -0.000085712 -0.001001738 -0.000098734 0.000039784 0.000082128 1.000000000
1690471670.156515 0.000077745 0.000095312 -0.000645942 0.000099531 0.000071857 -0.000125982 1.000000000
1690471670.223046 0.000015967 0.000028966 -0.000469693 -0.000003520 0.000036011 0.000002349 1.000000000
1690471670.289633 0.000012075 0.000309404 -0.000261284 0.000086787 0.000015932 -0.000032516 1.000000000
1690471670.356541 0.000341046 -0.000445239 -0.001548577 -0.000040124 0.000026642 -0.000062603 1.000000000
1690471670.489830 0.000152961 -0.000147118 -0.001044879 -0.000007448 -0.000008692 -0.000035088 1.000000000
1690471670.556447 0.000032591 0.000200924 -0.001051008 0.000098670 -0.000007980 -0.000058929 1.000000000
1690471670.623039 0.000397659 0.000218298 -0.000426805 0.000041609 -0.000066574 -0.000035849 1.000000000
1690471670.689787 0.000566803 0.000335823 -0.000443505 0.000024456 -0.000113863 -0.000065238 1.000000000
1690471670.823052 0.000943563 0.000953981 -0.000482257 0.000137392 -0.000126313 0.000028951 1.000000000
1690471670.889888 0.000853566 0.000720833 -0.000911070 0.000126067 -0.000119807 0.000022665 1.000000000
1690471670.956365 0.000844033 0.000573271 -0.000929958 0.000113411 -0.000079989 -0.000122761 1.000000000
1690471671.023048 -0.000292345 0.000215799 -0.000386100 -0.000002406 0.000059033 -0.000051624 1.000000000
1690471671.156416 0.000092706 0.000387817 0.000055941 0.000052047 -0.000085321 -0.000066065 1.000000000
1690471671.289812 0.000308649 0.000679708 -0.000285427 0.000044693 -0.000069726 -0.000048030 1.000000000
1690471671.356362 0.000943611 0.000509031 -0.001138440 0.000027055 -0.000096162 -0.000035649 1.000000000
1690471671.423169 0.000018908 0.001053063 0.000050755 0.000145706 -0.000067847 -0.000069143 1.000000000
1690471671.489810 -0.000043174 0.000279014 -0.000235123 0.000042120 -0.000038400 -0.000038689 1.000000000
1690471671.556333 -0.000387212 0.000406602 -0.000126173 0.000046447 -0.000026733 -0.000006536 1.000000000
1690471671.623254 0.000309638 0.000710501 -0.000328863 0.000188228 -0.000063720 0.000099395 1.000000000
1690471671.690556 -0.000520241 0.000452186 0.000117301 0.000162236 0.000017155 0.000047592 1.000000000
1690471671.756506 -0.001744634 -0.000080680 0.000249504 0.000200497 -0.000002578 0.000222116 0.999999940
1690471671.823439 -0.001210737 0.000317543 -0.000332350 0.000276078 -0.000100336 0.000411507 0.999999881
1690471671.890052 -0.001001256 -0.000264647 0.000493412 0.000205561 -0.000174066 0.000411848 0.999999881
1690471671.956563 -0.001512435 0.000263408 -0.000265027 0.000215294 -0.000102128 0.000381654 0.999999940
1690471672.025510 -0.001457208 -0.000773982 -0.000179838 0.000116582 -0.000135213 0.000381604 0.999999940
1690471672.090692 -0.001631766 -0.000668213 -0.000350319 0.000186074 -0.000128705 0.000435652 0.999999881
1690471672.155942 -0.001179962 0.000165221 0.000574961 0.000438263 -0.000128928 0.000472663 0.999999821
1690471672.223186 -0.000461984 0.000530269 0.000994098 0.000291939 -0.000480475 0.000572676 0.999999702
1690471672.293787 -0.001096045 0.000563145 0.000988757 0.000453141 -0.000893569 0.000278805 0.999999464
1690471672.356623 -0.002550430 0.000245639 0.001366227 0.000562358 -0.000833496 0.000337141 0.999999464
1690471672.423150 -0.000122908 0.000042560 0.001524176 0.000536872 -0.001054722 0.000433014 0.999999225
1690471672.491414 -0.003741460 -0.000027633 0.003358749 0.000328941 -0.001163590 0.000343926 0.999999225
1690471672.555495 -0.006141744 -0.001726863 0.001689563 0.000320801 -0.001387656 0.000173216 0.999998987
1690471672.623165 -0.005806767 -0.001014729 0.003838358 0.000564248 -0.001692768 0.000237111 0.999998391
1690471672.690410 -0.006598359 -0.000228223 0.004642160 0.000690140 -0.001648191 0.000232339 0.999998391
1690471672.756049 -0.007140372 0.002848976 0.007332444 0.000878286 -0.002020683 0.000439408 0.999997497
1690471672.823161 -0.013597366 0.000861823 0.007689499 0.000667012 -0.002302264 0.000426367 0.999997020
1690471672.890426 -0.007708500 0.001508887 0.009477917 0.001577964 -0.003109053 0.000200051 0.999993920
1690471672.956194 -0.014532147 0.002406204 0.010245036 0.001176658 -0.003146019 0.000795443 0.999994040
1690471673.023154 -0.012024164 0.001975265 0.016552279 0.001220796 -0.004715563 0.000400185 0.999988079
1690471673.091991 -0.008300571 -0.001208886 0.017361175 0.000943939 -0.006364358 0.001037234 0.999978781
1690471673.154609 -0.013606043 0.000510792 0.018049203 0.001111964 -0.006984157 0.000728131 0.999974728
1690471673.223300 -0.012030678 -0.003662876 0.018075211 0.000216164 -0.008392829 0.000971409 0.999964297
1690471673.290289 -0.015346082 -0.002033496 0.025478460 0.000734004 -0.009828500 0.001009196 0.999950945
1690471673.356526 -0.016225737 -0.000898227 0.027766872 0.000795447 -0.011692806 0.001328749 0.999930441
1690471673.489323 -0.022314658 -0.010578099 0.044248182 0.004816113 -0.014945187 0.001213902 0.999876022
1690471673.623385 -0.027400082 0.002178480 0.045567837 0.001146105 -0.018273195 0.001325640 0.999831498
1690471673.689881 -0.021612285 0.001004688 0.045566421 0.001150073 -0.020934895 0.001158344 0.999779522
1690471673.756516 -0.021773208 -0.005686234 0.043702673 0.000154815 -0.022864113 0.001684438 0.999737144
1690471673.823397 -0.036039568 -0.016561631 0.053468034 -0.001146772 -0.024323829 0.001778492 0.999701917
1690471674.023265 -0.034021478 -0.008380811 0.062780619 0.000024267 -0.031872377 0.001354416 0.999491036
1690471674.089947 -0.033651803 -0.010055739 0.058742099 -0.000173376 -0.034369428 0.001350626 0.999408305
1690471674.156657 -0.016815450 -0.007086232 0.065447077 0.000251734 -0.038912348 0.001107495 0.999242008
1690471674.223303 -0.015553651 -0.006790825 0.065609239 -0.000112509 -0.041955017 0.001582584 0.999118268
1690471674.356808 -0.022015939 -0.006617563 0.070776105 -0.000207101 -0.047848798 0.001298450 0.998853743
1690471674.423313 -0.061755538 -0.015211074 0.082818411 -0.000841498 -0.047891531 0.002062538 0.998850107
1690471674.491370 -0.055153243 -0.014239701 0.101959802 -0.000964020 -0.053296644 0.002411248 0.998575389
1690471674.556658 -0.064692259 -0.015573237 0.102269232 -0.000992764 -0.055576012 0.002164899 0.998451650
1690471674.690635 -0.067442693 -0.026957240 0.107542939 -0.001844543 -0.062511563 0.002250232 0.998040020
1690471674.756017 -0.085321985 -0.022549625 0.126462176 -0.002002216 -0.065939948 0.003542243 0.997815311
1690471674.891079 -0.070615813 -0.010429810 0.134265214 -0.000870502 -0.074602693 0.002842082 0.997208893
1690471675.023325 -0.072852194 -0.021853365 0.136872709 -0.002946198 -0.082117319 0.002914373 0.996614099
1690471675.090126 -0.066141546 -0.011318562 0.150220439 -0.001920993 -0.087476157 0.002400291 0.996161878
1690471675.156648 -0.046247765 -0.021463683 0.142142102 -0.003084555 -0.092401043 0.000428933 0.995716989
1690471675.223439 -0.069013171 -0.042861756 0.161368951 -0.005395495 -0.096032977 0.001494149 0.995362401
1690471675.356652 -0.093859814 -0.040274162 0.188205406 -0.004577754 -0.103862576 0.001383769 0.994580150
1690471675.423435 -0.072468057 -0.041190363 0.200443760 -0.005176590 -0.111426756 0.001808353 0.993757546
1690471675.490055 -0.559722483 0.178092942 0.357577622 0.019340079 -0.083596267 0.013705298 0.996217728
1690471675.556649 -0.561084807 0.177349702 0.361691654 0.018603323 -0.089062691 0.014142929 0.995751858
1690471675.626910 -0.570045173 0.176668316 0.379585803 0.019089326 -0.094909735 0.014398313 0.995198667
1690471675.690304 -0.581707776 0.171286017 0.389094830 0.019083273 -0.099751957 0.013755689 0.994734228
1690471675.756816 -0.582399130 0.170794874 0.389314502 0.018611256 -0.105673105 0.013258256 0.994138360
1690471675.823512 -0.580115020 0.171983063 0.392193824 0.018557874 -0.112349540 0.013146789 0.993408501
1690471675.956793 -0.603582799 0.169122517 0.424486279 0.019006139 -0.123799391 0.013537333 0.992032886
1690471676.090034 -0.619828224 0.166327968 0.441522688 0.019055661 -0.135470062 0.013765656 0.990502596
1690471676.156824 -0.612961054 0.151717395 0.447502583 0.017184753 -0.142815739 0.013187145 0.989512265
1690471676.290022 -0.633692503 0.141355053 0.458276182 0.015951883 -0.153836861 0.012994929 0.987882078
1690471676.356979 -0.637345791 0.141221032 0.466693372 0.015997037 -0.160301879 0.013240756 0.986849606
1690471676.425745 -0.641495883 0.132217214 0.468938947 0.015180303 -0.166311741 0.011848612 0.985885203
1690471676.490059 -0.648446441 0.138405174 0.470874310 0.015554233 -0.171884343 0.012274501 0.984917939
1690471676.556923 -0.656467080 0.143962622 0.479597539 0.016566392 -0.177755728 0.012158165 0.983860135
1690471676.623408 -0.657427132 0.130351365 0.490668535 0.015345107 -0.184801400 0.011015304 0.982594371
1690471676.690442 -0.732546806 0.153699413 0.549417853 0.018945502 -0.188525975 0.013815532 0.981788278
1690471676.890248 -0.746518970 0.151202828 0.568093479 0.019039463 -0.207219988 0.012260188 0.978032291
1690471676.956633 -0.759032190 0.142864123 0.577372491 0.018445715 -0.213149056 0.012150832 0.976769984
1690471677.023417 -0.770519435 0.138565302 0.577989757 0.018273987 -0.218619823 0.011899019 0.975566506
1690471677.090271 -0.777555168 0.137041822 0.586563468 0.018659888 -0.224954844 0.010950434 0.974129021
1690471677.223397 -0.793624699 0.137312084 0.619960785 0.019741897 -0.239889503 0.009192302 0.970555961
1690471677.290282 -0.799772620 0.125213072 0.630824804 0.018250264 -0.246741444 0.008867338 0.968868911
1690471677.356841 -0.814730644 0.130790949 0.632098317 0.019838834 -0.250568092 0.007560187 0.967866182
1690471677.423490 -0.834694922 0.124176279 0.653031349 0.018717710 -0.256371498 0.008919613 0.966355979
1690471677.556813 -0.852402925 0.120421298 0.682664692 0.018307740 -0.267572969 0.009453588 0.963317335
1690471677.625635 -0.868413150 0.127869695 0.679013968 0.019114444 -0.270364702 0.010139933 0.962514877
1690471677.690159 -0.873981893 0.119342215 0.679790914 0.017625863 -0.274233371 0.010297692 0.961446524
1690471677.756771 -0.872197390 0.123695038 0.706595361 0.018319022 -0.279885858 0.009508075 0.959811389
1690471677.823680 -0.874584854 0.108465910 0.707237542 0.016277352 -0.283781379 0.009357032 0.958705187
1690471677.890152 -0.891547620 0.184248745 0.881948590 0.028028255 -0.293331414 0.006195959 0.955579817
1690471677.956976 -0.901834071 0.181962997 0.891215682 0.027016111 -0.295724988 0.005727192 0.954873919
1690471678.023498 -0.915158868 0.178621829 0.901209593 0.026241763 -0.297750354 0.004956037 0.954270184
1690471678.091566 -0.923349440 0.179010227 0.903343916 0.025763921 -0.299221933 0.004399231 0.953825593
1690471678.156408 -0.922866762 0.175783217 0.913399935 0.025100265 -0.300739318 0.003540449 0.953369498
1690471678.223530 -0.930110157 0.168908522 0.928153038 0.023851294 -0.302575529 0.003647048 0.952820003
1690471678.290378 -0.938851178 0.163761362 0.940599382 0.022866571 -0.302790135 0.002803412 0.952778816
1690471678.356866 -0.942133307 0.164128602 0.944021821 0.022414312 -0.302702785 0.003420843 0.952815294
1690471678.423539 -0.953351855 0.161927834 0.955994785 0.022566389 -0.301675230 0.003085338 0.953138709
1690471678.490113 -0.960415959 0.162257105 0.962946415 0.022244262 -0.300155461 0.002701977 0.953627169
1690471678.557013 -0.992774725 0.156777039 0.995410204 0.021506611 -0.297015429 0.002212229 0.954627931
1690471678.623567 -1.010236025 0.158666953 1.041300178 0.022688504 -0.295442373 -0.000658078 0.955090940
1690471678.823485 -1.033309579 0.149228200 1.092585444 0.019881215 -0.287359178 -0.000461844 0.957616448
1690471678.890258 -1.050171018 0.156477600 1.119663000 0.020621847 -0.283662647 0.000313695 0.958702385
1690471679.090273 -1.115307212 0.122718349 1.085343599 0.014156528 -0.264778256 0.006274577 0.964184999
1690471679.156851 -1.113913536 0.119831532 1.095185280 0.012521417 -0.260720819 0.006429691 0.965311646
1690471679.290259 -1.115135431 0.115466021 1.125971198 0.011379675 -0.252952665 0.006699712 0.967388511
1690471679.356891 -1.122137666 0.105009355 1.158056378 0.010118857 -0.248863295 0.005962307 0.968467474
1690471679.423656 -1.125406504 0.109694734 1.192954779 0.011061865 -0.245823875 0.005561417 0.969235480
1690471679.490225 -1.128696561 0.111356787 1.220701575 0.011387819 -0.242799610 0.005705427 0.969992876
1690471679.556875 -1.127521038 0.106146261 1.211108446 0.010320384 -0.239637852 0.006441297 0.970786154
1690471679.623656 -1.126287699 0.103998549 1.220377684 0.009090800 -0.238090649 0.006898276 0.971175969
1690471679.690329 -1.136775732 0.099515028 1.259882808 0.008881241 -0.237126410 0.007625483 0.971408308
1690471679.756855 -1.170284629 0.128881171 1.294191718 0.012068254 -0.234754324 0.009076476 0.971937418
1690471679.823731 -1.182388902 0.133084208 1.304015040 0.012248280 -0.233014256 0.010075042 0.972344041
1690471679.891147 -1.191569567 0.114449762 1.322195292 0.009805391 -0.233756199 0.009481632 0.972199619
1690471679.957871 -1.192907691 0.129662126 1.384489298 0.012517698 -0.239202917 0.010266293 0.970834672
1690471680.023723 -1.209876657 0.145152912 1.399509311 0.014512210 -0.240751088 0.011190559 0.970413864
1690471680.090316 -1.211610556 0.130363986 1.413642287 0.012634061 -0.243674099 0.011502713 0.969706655
1690471680.157001 -1.300824642 0.138965338 1.366256118 0.011726711 -0.236198783 0.015972354 0.971502721
1690471680.223716 -1.315346003 0.149468660 1.387588620 0.012166399 -0.240504876 0.017415704 0.970415413
1690471680.290632 -1.325353026 0.138568312 1.404572606 0.010133690 -0.246070251 0.019049954 0.969011784
1690471680.357012 -1.334869981 0.132919580 1.428566456 0.009509233 -0.252761394 0.018753961 0.967300177
1690471680.423641 -1.346904993 0.120507784 1.442651272 0.008241374 -0.259311944 0.017564557 0.965598702
1690471680.490290 -1.370886326 0.125467390 1.484115124 0.009369972 -0.267301708 0.017856043 0.963401854
1690471680.557143 -1.402423382 0.120145500 1.540008903 0.008668358 -0.275770932 0.018616257 0.961004019
1690471680.690303 -1.434559822 0.129633859 1.603146553 0.010065390 -0.293700784 0.018548248 0.955664456
1690471680.757122 -1.445926905 0.116149172 1.641050100 0.008930835 -0.304227918 0.018978091 0.952368379
1690471680.823655 -1.499961495 0.122937113 1.668210268 0.010800852 -0.310136348 0.019244390 0.950435936
1690471680.890398 -1.509792805 0.110679902 1.682705283 0.008720917 -0.320773512 0.021027775 0.946882367
1690471680.956987 -1.552376509 0.037779685 1.654788733 0.002098194 -0.324620843 0.019838646 0.945633829
1690471681.023657 -1.573341131 0.030798221 1.671065569 0.001048485 -0.334536433 0.019398786 0.942182541
1690471681.090537 -1.592333436 0.028349511 1.691449523 0.000896996 -0.345181078 0.018810077 0.938347161
1690471681.156990 -1.621139169 0.021030366 1.720458150 0.001106179 -0.355942041 0.019121975 0.934311748
1690471681.224069 -1.654690623 0.012069713 1.752705097 -0.000617023 -0.366678745 0.018740440 0.930158734
1690471681.357201 -1.706894755 -0.001038007 1.802375317 -0.002073539 -0.388715982 0.018883936 0.921161830
1690471681.423714 -1.774461865 0.024169859 1.739544034 0.000689281 -0.389861852 0.021059316 0.920632243
1690471681.490361 -1.814315915 0.018126268 1.760575056 -0.000226656 -0.400199205 0.020982731 0.916187942
1690471681.557051 -1.843808889 0.019802887 1.780823708 0.000410786 -0.411693513 0.021770768 0.911062181
1690471681.623762 -1.881364346 0.012487836 1.805830836 0.000011076 -0.423033714 0.021585109 0.905856907
1690471681.693574 -1.931560159 0.018365998 1.845104098 0.000604592 -0.433948487 0.021093389 0.900690556
1690471681.754616 -1.970623136 0.024579655 1.877582550 0.002789895 -0.445196450 0.020110263 0.895202756
1690471681.823927 -1.926253557 0.018040981 1.820179343 0.001913370 -0.454336762 0.018507728 0.890635729
1690471681.956900 -1.946374893 0.013041079 1.826996803 0.000363998 -0.475019276 0.018496938 0.879780948
1690471682.023876 -1.940200567 0.007359117 1.835242152 0.003140051 -0.486203790 0.015705075 0.873698652
1690471682.090471 -1.995841265 0.002735205 1.845093608 0.002940012 -0.496113747 0.015394391 0.868116140
1690471682.157206 -2.049081564 -0.008698221 1.874368668 0.002584894 -0.508125901 0.015015738 0.861148000
1690471682.223756 -2.016039848 -0.004105438 1.857338309 0.002541322 -0.517111659 0.014839463 0.855785608
1690471682.425613 -2.008187294 0.001740970 1.869365335 0.004142834 -0.548447192 0.013648663 0.836063564
1690471682.490376 -2.040928602 -0.005453721 1.874976754 0.003778152 -0.557470143 0.013008046 0.830086529
1690471682.557257 -2.063297987 -0.014682084 1.866333842 0.002132415 -0.566220939 0.013386774 0.824142158
1690471682.757148 -2.070884228 -0.008632910 1.902692914 0.001230735 -0.598031938 0.011301653 0.801391721
1690471682.957155 -2.145206928 -0.028097812 1.912278175 -0.004408572 -0.627546251 0.007540012 0.778530300
1690471683.023792 -2.202982187 -0.034917064 1.891432285 -0.004781067 -0.636534810 0.006994193 0.771201551
1690471683.224432 -2.129860401 -0.012810187 1.883602858 -0.001534046 -0.665383041 0.010063175 0.746432722
1690471683.290598 -2.157537937 -0.022471596 1.874866724 -0.001969522 -0.675943136 0.010291793 0.736879349
1690471683.357095 -2.192835569 -0.025993939 1.869985580 -0.001581017 -0.686135769 0.011131141 0.727386713
1690471683.423767 -2.216759205 -0.031599306 1.874046564 -0.001990582 -0.697976351 0.011445328 0.716026664
1690471683.490728 -2.245814800 -0.034124807 1.859038353 -0.002258799 -0.708496392 0.014264689 0.705566704
1690471683.557068 -2.278949738 -0.033014502 1.828927755 -0.001897488 -0.718638241 0.016703064 0.695180893
1690471683.623848 -2.301080704 -0.021437932 1.969718695 0.003181159 -0.739609241 0.017395994 0.672804177
1690471683.691207 -2.321856260 -0.023969162 1.947991133 0.004251922 -0.750432372 0.019495882 0.660645962
1690471683.756729 -2.345146656 -0.029432926 1.954439163 0.005919487 -0.762594938 0.020044940 0.646538615
1690471683.956753 -2.389189005 -0.003613412 1.921981573 0.008892346 -0.793935835 0.020022385 0.607606769
1690471684.025700 -2.392583609 -0.004388519 1.920331001 0.009253758 -0.805283844 0.018702094 0.592522323
1690471684.155576 -2.455662727 -0.018943056 1.905351877 0.005122158 -0.827775598 0.018105052 0.560743749
1690471684.223884 -2.497357368 -0.015547264 1.852339983 0.003301449 -0.837413430 0.020215355 0.546186030
1690471684.355520 -2.513137102 -0.027338726 1.806346178 -0.000145697 -0.856031656 0.019734733 0.516546667
1690471684.423920 -2.568527460 -0.051717538 1.754979372 -0.003435378 -0.866651177 0.017155761 0.498607755
1690471684.491993 -2.587455273 -0.052999243 1.722488642 -0.004637629 -0.875637770 0.016363554 0.482668936
1690471684.557420 -2.629780769 -0.073482774 1.689610839 -0.006255136 -0.885502577 0.014121875 0.464377761
1690471684.628046 -2.669699192 -0.082382761 1.672449231 -0.008016903 -0.895266771 0.012916476 0.445271194
1690471684.690659 -2.707362890 -0.091515079 1.666285515 -0.007473032 -0.905008614 0.010983435 0.425185829
1690471684.757506 -2.789226294 -0.047803465 1.588937402 -0.004303720 -0.913202703 0.016732138 0.407139212
1690471684.823960 -2.797247648 -0.049707621 1.532779336 -0.005647203 -0.920267224 0.016417794 0.390905201
1690471684.957302 -2.810394764 -0.055806994 1.474852920 -0.008528173 -0.934028387 0.015756628 0.356749356
1690471685.023908 -2.899163723 -0.046345934 1.425567150 -0.008072772 -0.942917883 0.016847236 0.332501143
1690471685.090661 -2.902909994 -0.069364771 1.398644090 -0.009195598 -0.948642135 0.014107052 0.315902948
1690471685.157316 -2.901019335 -0.066834897 1.363247156 -0.009600928 -0.953546643 0.013551719 0.300787270
1690471685.358056 -3.025642157 -0.007069800 1.410714388 -0.000168893 -0.968131900 0.012333892 0.250136971
1690471685.423429 -3.020638704 -0.024141001 1.362700224 -0.000355665 -0.971155286 0.009252568 0.238268211
1690471685.490830 -3.010618448 -0.030209567 1.323728681 -0.000760141 -0.973625064 0.008476013 0.227995157
1690471685.557311 -3.014284372 -0.060346812 1.275483727 -0.001625473 -0.976118386 0.004807471 0.217180029
1690471685.624142 -3.017279148 -0.044575639 1.218386292 -0.000871830 -0.978165925 0.006174290 0.207732290
1690471685.757258 -3.037335157 -0.078354888 1.097315431 -0.001120343 -0.981880844 0.002412530 0.189480841
1690471685.824185 -3.062079668 -0.093927160 1.039959431 -0.001812733 -0.983542204 0.000462292 0.180668950
1690471685.890573 -3.049136877 -0.117680512 1.012609839 -0.001139612 -0.984376371 -0.003782440 0.176033080
1690471685.957268 -3.218984604 -0.048406869 0.934959829 0.001973915 -0.987857401 0.005397805 0.155256867
1690471686.024191 -3.237739325 -0.050059795 0.897666633 0.002437803 -0.988941967 0.005079056 0.148195833
1690471686.157464 -3.245908260 -0.070722252 0.829025030 0.002877939 -0.990358591 0.001602929 0.138488621
1690471686.224166 -3.244418383 -0.099994287 0.762689114 0.001872818 -0.990840197 -0.001369889 0.135020033
1690471686.290640 -3.259446621 -0.115930103 0.733775735 0.002411471 -0.991490424 -0.004130591 0.130092010
1690471686.428217 -3.196961403 -0.128928840 0.663804889 -0.001864129 -0.991702437 -0.007130214 0.128343195
1690471686.493430 -3.376567841 -0.083831012 0.470124543 0.002667837 -0.993916750 0.001813094 0.110086903
1690471686.557360 -3.391397238 -0.091995738 0.423235893 0.003591128 -0.994412601 -0.000284464 0.105501868
1690471686.628092 -3.362951517 -0.109460399 0.380421340 0.002350405 -0.994565308 -0.003568821 0.104027405
1690471686.692562 -3.361307383 -0.137241364 0.341808736 0.002248003 -0.994908929 -0.007728724 0.100457117
1690471686.757246 -3.365486860 -0.144056320 0.305327296 0.002093651 -0.995334446 -0.009243726 0.096018918
1690471686.824091 -3.370722294 -0.146530658 0.260013938 0.001489087 -0.995741785 -0.010703857 0.091551229
1690471686.893847 -3.446660995 -0.065944657 0.133567572 0.000345654 -0.996837020 -0.001551520 0.079457596
1690471686.956928 -3.441407442 -0.078554995 0.092239022 -0.000775768 -0.997147501 -0.003617910 0.075387016
1690471687.024170 -3.443538904 -0.089842916 0.053992987 -0.000001329 -0.997468650 -0.006084882 0.070846610
1690471687.157653 -3.431040049 -0.107404232 -0.034853339 -0.000564912 -0.998102307 -0.009198648 0.060883854
1690471687.223998 -3.416085958 -0.133271262 -0.080615699 -0.001363173 -0.998376548 -0.013363103 0.055352770
1690471687.290673 -3.530789614 -0.057781260 -0.235997677 0.000501203 -0.999229431 -0.003173525 0.039118789
1690471687.357435 -3.513526201 -0.068080701 -0.276400506 0.000008467 -0.999413908 -0.005935371 0.033713412
1690471687.490821 -3.478957176 -0.100329459 -0.363491416 -0.001435974 -0.999686420 -0.011804176 0.022039682
1690471687.557390 -3.468254328 -0.088841401 -0.415267169 -0.002432050 -0.999827266 -0.010946694 0.014823076
1690471687.690846 -3.539425611 -0.035291914 -0.601081610 0.000258137 0.999930620 0.004545105 0.010867595
1690471687.757505 -3.532021046 -0.037762012 -0.635737062 0.000094062 0.999803424 0.005505135 0.019047927
1690471687.824144 -3.511948824 -0.045767460 -0.680573821 0.001060999 0.999627948 0.007011202 0.026337236
1690471687.890885 -3.500496387 -0.068917833 -0.727828264 -0.000340093 0.999333441 0.010858160 0.034854647
1690471687.957289 -3.487978220 -0.099106744 -0.762461662 -0.001262971 0.998912036 0.015166646 0.044080526
1690471688.090877 -3.424174786 -0.125571251 -0.855173230 -0.003215404 -0.997849405 -0.020514606 -0.062172133
1690471688.157483 -3.488356352 -0.031073285 -1.005574465 0.002114571 0.996440887 0.007675247 0.083918057
1690471688.224241 -3.457670927 -0.036821790 -1.045170307 0.003046914 0.995503664 0.008960379 0.094249390
1690471688.290793 -3.436820984 -0.051975541 -1.087882400 0.003197365 0.994241238 0.012247561 0.106415167
1690471688.358207 -3.409171343 -0.061357468 -1.135530233 0.003829540 0.992847979 0.014071889 0.118491687
1690471688.424214 -3.373363256 -0.072764896 -1.170810461 0.003681611 0.991436422 0.016799379 0.129453227
1690471688.624210 -3.358519554 -0.017363274 -1.380569696 -0.000178577 0.983636439 0.011830422 0.179775819
1690471688.691896 -3.310358763 -0.011181161 -1.427773714 -0.001009037 0.981087029 0.011535687 0.193220407
1690471688.756743 -3.297132492 -0.031440407 -1.473720312 -0.003200359 0.977727115 0.014624688 0.209345654
1690471688.824134 -3.247256279 -0.052303784 -1.509255648 -0.004731363 0.974737883 0.018003510 0.222574860
1690471688.890777 -3.240908384 -0.078293413 -1.540192962 -0.007576778 0.970874965 0.022067649 0.238448054
1690471688.957704 -3.199545145 -0.064341336 -1.543911219 -0.006714429 0.968184412 0.022542376 0.249130130
1690471689.024210 -3.159134150 -0.052627191 -1.569277763 -0.006715157 0.964641571 0.021464013 0.262603968
1690471689.090890 -3.127545595 -0.059385132 -1.588062763 -0.006959468 0.961003661 0.022784296 0.275507838
1690471689.157622 -3.109570503 0.004419088 -1.710229158 -0.002971536 0.953467965 0.017557535 0.300968021
1690471689.224173 -3.079462051 -0.003384966 -1.736129761 -0.003501521 0.948618412 0.019486012 0.315802455
1690471689.290920 -3.047831774 -0.010075364 -1.766415000 -0.004880182 0.943433940 0.021146076 0.330849648
1690471689.357662 -3.015099049 -0.020446431 -1.798263907 -0.006454492 0.937761247 0.022549611 0.346487731
1690471689.424212 -2.989514351 -0.027440861 -1.823968887 -0.007568207 0.932097018 0.023925159 0.361338437
1690471689.491046 -2.972466946 -0.031041894 -1.839390755 -0.008752939 0.926055551 0.024288571 0.376503170
1690471689.557642 -2.950096369 0.041228402 -1.907366514 -0.001748206 0.917264819 0.018659992 0.397836655
1690471689.624141 -2.916859865 0.032259408 -1.939762235 -0.002844524 0.910254717 0.019054055 0.413600296
1690471689.691131 -2.856408358 0.037521020 -1.935470581 -0.002805052 0.905191123 0.017461352 0.424636632
1690471689.757444 -2.797420263 0.032994661 -1.937190056 -0.002225134 0.899329662 0.017791227 0.436903626
1690471689.824293 -2.726397991 0.054423004 -1.921823502 -0.000195420 0.894150317 0.015399041 0.447502077
1690471689.890869 -2.711967707 0.057864770 -2.022951841 0.002135808 0.880478263 0.016884714 0.473780960
1690471690.090974 -2.559929371 0.086734347 -2.059544563 0.007642737 0.855367899 0.014847907 0.517751813
1690471690.157515 -2.478959560 0.096563332 -2.057692528 0.009877619 0.847187757 0.014224895 0.531011403
1690471690.224425 -2.446670532 0.084154174 -2.066797256 0.008789273 0.838058531 0.016177284 0.545269608
1690471690.290955 -2.404935837 0.074476086 -2.058030367 0.008469677 0.829280138 0.018317064 0.558468699
1690471690.357616 -2.362560987 0.062713049 -2.036654949 0.008450139 0.821310163 0.020333000 0.570056915
1690471690.424691 -2.311649799 0.067412943 -2.036841631 0.009106087 0.812057853 0.019895012 0.583166718
1690471690.490826 -2.240528107 0.076428093 -2.027060032 0.010809176 0.802242100 0.019937515 0.596567988
1690471690.557661 -2.173722029 0.074580602 -2.031432629 0.011008905 0.791005969 0.020542122 0.611364365
1690471690.624326 -2.135606766 0.096147224 -2.107097864 0.013938423 0.773328006 0.018529398 0.633581996
1690471690.690942 -2.088243008 0.093588956 -2.087470055 0.014647042 0.763516426 0.020162674 0.645307362
1690471690.757790 -2.032713175 0.090905398 -2.087300539 0.014545613 0.751848221 0.020836366 0.658846378
1690471690.824275 -1.973148942 0.086178571 -2.085402966 0.015423961 0.739790857 0.021772869 0.672307730
1690471690.893396 -1.915276051 0.096702836 -2.060987949 0.017593319 0.729247212 0.020898232 0.683704853
1690471690.957926 -1.877948999 0.091126248 -2.048177719 0.017269652 0.717956662 0.021395201 0.695544600
1690471691.024229 -1.819279671 0.101960599 -2.039376497 0.019110601 0.705708206 0.021785501 0.707909763
1690471691.092328 -1.784688354 0.100551985 -1.989575863 0.018652322 0.697351754 0.021247450 0.716171205
1690471691.157659 -1.708887339 0.092014536 -2.016478300 0.020126063 0.679399908 0.023845566 0.733104527
1690471691.224301 -1.658676147 0.100476973 -2.062711954 0.019231722 0.660429955 0.021517092 0.750332892
1690471691.293024 -1.599732041 0.104074024 -2.030246735 0.020195454 0.648101568 0.021010002 0.760996163
1690471691.355900 -1.535686493 0.100851208 -2.023121357 0.020032510 0.632869720 0.020407928 0.773730040
1690471691.424313 -1.471029758 0.092360005 -2.009304523 0.019888446 0.617559791 0.020114776 0.786015153
1690471691.491130 -1.415273666 0.096437432 -1.982688904 0.021490967 0.603231072 0.019994473 0.797026098
1690471691.557683 -1.361219645 0.097744338 -1.955725193 0.022139415 0.588796675 0.019465422 0.807743490
1690471691.624361 -1.350472808 0.090070426 -1.913799167 0.021899642 0.577633679 0.020818345 0.815736771
1690471691.824435 -1.069192648 0.162570447 -2.137360573 0.026406590 0.489582211 0.005160174 0.871541917
1690471691.891007 -1.021241307 0.163388178 -2.106330156 0.025980951 0.472260267 0.002556528 0.881072462
1690471691.957690 -0.971167207 0.163941175 -2.073941231 0.026288062 0.454362214 0.002273688 0.890426219
1690471692.024421 -0.940368891 0.146492943 -2.042362213 0.023617774 0.438070238 0.002948919 0.898625612
1690471692.091042 -0.888708115 0.159642085 -1.998620749 0.024815917 0.421120554 0.000439580 0.906665027
1690471692.157662 -0.851082087 0.151340947 -1.975654125 0.024206875 0.403077751 0.000058113 0.914845586
1690471692.224512 -0.811380982 0.166897133 -1.910256505 0.026489358 0.386978388 -0.001735734 0.921706617
1690471692.291042 -0.806795359 0.152505741 -1.893333673 0.024112958 0.370809734 -0.000263862 0.928395748
1690471692.357629 -0.831333458 0.142452747 -1.851840138 0.022990180 0.358879060 0.001190019 0.933100164
1690471692.491049 -0.808940053 0.151467547 -1.742782235 0.020809367 0.330294877 -0.001115024 0.943647742
1690471692.557744 -0.771202683 0.139606655 -1.691999435 0.019364014 0.312327117 -0.000867444 0.949776888
1690471692.691038 -0.774540126 0.133611605 -1.603172183 0.017041961 0.284132540 0.002418124 0.958630502
1690471692.757758 -0.721504867 0.128475726 -1.565724134 0.016913664 0.263441563 0.002787508 0.964523137
1690471692.891049 -0.769264877 0.107737452 -1.490341067 0.012346334 0.240572765 0.000925096 0.970552146
1690471692.958055 -0.725780368 0.137104169 -1.427235484 0.015462436 0.224072039 -0.001506464 0.974448800
1690471693.024381 -0.692621171 0.143836752 -1.391278625 0.015788522 0.207750589 -0.002279081 0.978051782
1690471693.091074 -0.708760083 0.128101900 -1.325737834 0.012423812 0.197289616 -0.001928410 0.980264664
1690471693.224779 -0.697078109 0.120143227 -1.232859612 0.012453121 0.173481196 -0.003864721 0.984750926
1690471693.291186 -0.684568226 0.127246633 -1.180152059 0.013463333 0.161374524 -0.004540740 0.986791015
1690471693.357803 -0.684672475 0.124888532 -1.148137093 0.013144937 0.150682986 -0.005079913 0.988481760
1690471693.424321 -0.669602811 0.132071212 -1.101038575 0.014310708 0.139498055 -0.005532640 0.990103483
1690471693.491191 -0.677658319 0.126424074 -1.052755594 0.013418965 0.131928116 -0.006934283 0.991144180
1690471693.557770 -0.648073077 0.122038707 -1.002183437 0.012147137 0.120998740 -0.007031781 0.992553473
1690471693.691298 -0.653782666 0.132190675 -0.822314382 0.011920590 0.107755847 -0.009808920 0.994057536
1690471693.757800 -0.659502506 0.126994938 -0.769931853 0.011125382 0.101597980 -0.010624557 0.994706631
1690471693.824529 -0.647721529 0.130358309 -0.728744864 0.011107827 0.094840884 -0.011638092 0.995362461
1690471693.891123 -0.645125210 0.130434439 -0.690975428 0.010229814 0.089460716 -0.011834680 0.995867491
1690471693.957753 -0.614163756 0.123844676 -0.646743417 0.009155144 0.081720218 -0.012856619 0.996530354
1690471694.024540 -0.612715900 0.129197210 -0.595844030 0.009464896 0.078403376 -0.013257496 0.996788621
1690471694.091129 -0.608059049 0.129638404 -0.554489076 0.008574388 0.074430518 -0.013781462 0.997094154
1690471694.224660 -0.593218803 0.134412363 -0.476629645 0.009001011 0.065827586 -0.014971131 0.997678101
1690471694.291140 -0.587218523 0.137956306 -0.421790838 0.010078548 0.062232375 -0.016825492 0.997869015
1690471694.357885 -0.591693521 0.136164203 -0.393238783 0.010208086 0.059084903 -0.015585259 0.998079121
1690471694.424672 -0.575852394 0.127246216 -0.246145546 0.009129056 0.055844460 -0.015686480 0.998274505
1690471694.491122 -0.560217917 0.135721013 -0.197951615 0.009618770 0.050622839 -0.015183615 0.998556077
1690471694.626295 -0.552099943 0.125417769 -0.112474918 0.007938437 0.042735856 -0.014572636 0.998948574
1690471694.756514 -0.588002384 0.117430486 -0.036040828 0.006649633 0.040928777 -0.013831601 0.999044240
1690471694.824521 -0.607480228 0.104441322 0.015306003 0.004520279 0.039589450 -0.013340045 0.999116778
1690471694.891149 -0.630609870 0.106965609 0.063669100 0.005316466 0.038912270 -0.015206066 0.999112785
1690471695.029711 -0.625114918 0.103277780 0.256680965 0.004792286 0.029413329 -0.013367173 0.999466479
1690471695.092339 -0.624849319 0.101055004 0.303855896 0.004269222 0.025685351 -0.012903871 0.999577701
1690471695.163087 -0.627657413 0.094300739 0.343977869 0.002878608 0.022508601 -0.012606098 0.999663055
1690471695.225747 -0.618285537 0.094089143 0.377929538 0.003150803 0.017892333 -0.012353835 0.999758661
1690471695.291244 -0.609539092 0.103229538 0.416563153 0.004701668 0.013421533 -0.011983581 0.999827087
1690471695.492499 -0.641033411 0.110763416 0.553052604 0.005117111 0.003861904 -0.011895959 0.999908745
1690471695.559575 -0.616163194 0.118198998 0.664126754 0.006023205 -0.004164170 -0.010833220 0.999914527
1690471695.629250 -0.609453380 0.112349398 0.706113219 0.004870409 -0.010548728 -0.010601494 0.999876320
1690471695.702152 -0.629714787 0.094903074 0.747169375 0.001526052 -0.014379677 -0.010228255 0.999843180
1690471695.762617 -0.616835177 0.107185945 0.783128738 0.002673762 -0.022363849 -0.009712644 0.999699175
1690471695.897053 -0.640887260 0.115439691 0.873205543 0.003208702 -0.033399541 -0.007287859 0.999410391
1690471695.958410 -0.666933179 0.102200620 0.939220130 0.002483138 -0.038922343 -0.006875871 0.999215484
1690471696.024675 -0.703186333 0.096297145 0.980092108 0.001742898 -0.043154053 -0.007397864 0.999039590
1690471696.095960 -0.722387910 0.093523853 1.018633842 0.000581069 -0.050633051 -0.007550339 0.998688638
1690471696.157215 -0.712238073 0.097100720 1.065832734 0.000925010 -0.062835433 -0.007824365 0.997992814
1690471696.294172 -0.797578216 0.102990553 1.257351995 0.003395439 -0.085079595 0.000147004 0.996368349
1690471696.354980 -0.802715659 0.101014763 1.296769619 0.002610853 -0.097782284 0.000406698 0.995204329
1690471696.424802 -0.820838630 0.102827810 1.332448602 0.002505390 -0.109977707 0.001140007 0.993930280
1690471696.491628 -0.828484893 0.108565211 1.360029936 0.002823130 -0.123625040 0.001798744 0.992323339
1690471696.560175 -0.854504228 0.104090057 1.389296651 0.002250844 -0.136880696 0.003111728 0.990580142
1690471696.758142 -1.246513844 0.104176089 1.616102099 0.006625202 -0.151387960 0.017553600 0.988296330
1690471696.824752 -1.273068905 0.090372466 1.660586715 0.005112031 -0.166984856 0.017214853 0.985795915
1690471696.891212 -1.306876302 0.085780725 1.670881748 0.004238705 -0.180763707 0.017483711 0.983362079
1690471696.958078 -1.332222223 0.078341782 1.704407454 0.003492492 -0.197272345 0.017314991 0.980189621
1690471697.024655 -1.354603052 0.074370712 1.725170851 0.003317930 -0.213695154 0.017275427 0.976742029
1690471697.158041 -1.420435429 0.054467071 1.788625717 0.001498064 -0.246918574 0.014849002 0.968921363
1690471697.360223 -1.622238755 0.045818027 1.687014699 -0.002423865 -0.280450583 0.026486099 0.959499955
1690471697.491462 -1.662290573 0.077298954 1.751406908 0.001154692 -0.321239620 0.029622398 0.946533859
1690471697.557987 -1.737193823 0.040810484 1.801967382 -0.003019970 -0.335917085 0.028678713 0.941450059
1690471697.624690 -1.773198128 0.033911623 1.831219316 -0.003301881 -0.353639990 0.025921090 0.935016632
1690471697.692531 -1.809858203 0.028305665 1.857077837 -0.002993144 -0.371195585 0.025624342 0.928196311
1690471697.757301 -1.854832888 0.022598963 1.894356608 -0.003303274 -0.389124393 0.025379350 0.920829713
1690471697.824631 -1.894900680 0.024164625 1.919665813 -0.004123589 -0.406858891 0.026690392 0.913091779
1690471697.957993 -1.879730940 0.017985385 1.802391052 -0.005485818 -0.433286846 0.025803490 0.900869906
1690471698.024791 -1.936109066 0.013048157 1.825272918 -0.005197986 -0.450160742 0.026207918 0.892547727
1690471698.091435 -2.002590656 0.013524823 1.858240843 -0.004325442 -0.466226369 0.026963020 0.884243906
1690471698.157988 -2.044839859 0.008061573 1.879903555 -0.004744448 -0.482345730 0.026780203 0.875558674
1690471698.224814 -1.954942822 0.004617099 1.865619779 0.000035860 -0.497523934 0.020220030 0.867214620
1690471698.357993 -2.024137974 -0.016382866 1.869191766 -0.000380797 -0.524281383 0.017747978 0.851360083
1690471698.491390 -2.008533478 -0.009941522 1.861006498 0.001202493 -0.551978052 0.016163385 0.833701134
1690471698.558014 -2.046066046 0.003910881 1.860494375 0.002320621 -0.564574122 0.017490245 0.825193822
1690471698.624873 -2.065352917 0.000218701 1.867982984 0.001370035 -0.576742351 0.017933777 0.816728175
1690471698.758163 -2.046819210 -0.000821885 1.900936484 0.000991626 -0.602887273 0.013885129 0.797704995
1690471698.824852 -2.088929653 -0.008671939 1.891455173 0.000620798 -0.613107324 0.012635393 0.789898336
1690471698.891374 -2.108542919 -0.004540659 1.874427199 -0.001283893 -0.622083426 0.012609417 0.782848418
1690471698.958188 -2.144733429 -0.020048883 1.874489784 -0.003642372 -0.632233560 0.010351704 0.774700224
1690471699.024933 -2.185889482 -0.026577732 1.878569603 -0.004545868 -0.643025756 0.007999438 0.765789270
1690471699.093367 -2.098386526 -0.004787913 1.898313761 -0.003997449 -0.655357182 0.009982100 0.755242646
1690471699.158414 -2.126637459 -0.002654759 1.885133982 -0.002210617 -0.665124595 0.011263531 0.746644258
1690471699.224901 -2.155891180 -0.026618209 1.862427711 -0.003714857 -0.674694955 0.011155281 0.738003075
1690471699.291451 -2.192766905 -0.028239954 1.854867697 -0.003991254 -0.685206592 0.012067907 0.728237927
1690471699.424783 -2.184605837 -0.017937705 1.927194118 -0.001847063 -0.712368846 0.012698336 0.701687932
1690471699.558110 -2.237268209 -0.028793182 1.897674084 -0.001506030 -0.734353244 0.017049909 0.678551674
1690471699.625754 -2.258913755 -0.020423923 1.884712696 0.000419556 -0.746350884 0.019655799 0.665262282
1690471699.758170 -2.297578812 -0.007524438 1.834990025 0.003900009 -0.767565608 0.023764729 0.640517831
1690471699.891504 -2.402581215 -0.017446034 1.878419876 0.005648133 -0.796170533 0.021275360 0.604671836
1690471699.958156 -2.427283287 -0.026714671 1.845140696 0.004933994 -0.806719244 0.019408487 0.590595603
1690471700.024916 -2.439368248 -0.045011446 1.828203201 0.002770392 -0.817050040 0.017611653 0.576291084
1690471700.091541 -2.456792831 -0.011373773 1.831131697 0.004936748 -0.829109430 0.020679705 0.558682024
1690471700.158148 -2.493222713 -0.014337625 1.843608379 0.003338759 -0.842052996 0.020525157 0.538993776
1690471700.225005 -2.509829283 -0.018437434 1.826777935 0.002410254 -0.852147520 0.020256437 0.522903860
1690471700.293962 -2.522314310 -0.018020246 1.806595564 0.000193276 -0.862490654 0.020549500 0.505655468
1690471700.358164 -2.545113325 -0.023421308 1.779772997 -0.000628630 -0.872560978 0.019996019 0.488095433
1690471700.425021 -2.587878704 -0.028123936 1.727024198 -0.002399751 -0.882457793 0.019406661 0.469985098
1690471700.558114 -2.701826572 -0.046859212 1.645779610 -0.003535975 -0.902164280 0.017469486 0.431024253
1690471700.624948 -2.741704226 -0.069868661 1.601410866 -0.003606285 -0.911196530 0.014978512 0.411683857
1690471700.758265 -2.773834705 -0.056133248 1.542124271 -0.005800373 -0.926466107 0.015837811 0.376000136
1690471700.824976 -2.815468788 -0.089412943 1.490329146 -0.008837801 -0.934659123 0.012791879 0.355205119
1690471700.891450 -2.851866961 -0.056719601 1.458379388 -0.006823878 -0.941495240 0.015733493 0.336589664
1690471700.958246 -2.865916491 -0.069446146 1.417166591 -0.007240811 -0.947368205 0.013781838 0.319767445
1690471701.159529 -2.927516699 -0.107360557 1.397887588 0.001256811 -0.961945891 0.005722323 0.273177296
1690471701.224908 -2.926815033 -0.109459206 1.351265669 0.000680230 -0.965966225 0.004182578 0.258633673
1690471701.293979 -2.933180332 -0.120536447 1.301990986 0.000462663 -0.968716860 0.002703842 0.248153612
1690471701.356089 -2.924505949 -0.123173654 1.264687896 -0.001150360 -0.971238315 0.001488587 0.238102198
1690471701.425124 -2.918318033 -0.138386384 1.212767959 -0.002061526 -0.973549008 -0.000607918 0.228468120
1690471701.558251 -2.916966438 -0.151859954 1.111265779 -0.004449230 -0.977224410 -0.003175593 0.212138191
1690471701.624868 -2.934587240 -0.177190244 1.039527178 -0.004969928 -0.978863776 -0.005797344 0.204371154
1690471701.691659 -2.957416773 -0.173770145 1.000697494 -0.004934410 -0.980609477 -0.005751370 0.195825711
1690471701.758264 -2.945558548 -0.198254436 0.950100362 -0.005608518 -0.981511950 -0.008748041 0.191118598
1690471701.892004 -3.004845381 -0.211469904 0.851497173 -0.003915370 -0.984543741 -0.009388840 0.174843341
1690471701.958266 -3.039229155 -0.192803800 0.829584777 -0.001294114 -0.986109555 -0.007924118 0.165902451
1690471702.024913 -3.202117682 -0.126423270 0.819922805 0.002634698 -0.989133060 -0.003809494 0.146950662
1690471702.158373 -3.233641386 -0.118843913 0.709797323 0.003292603 -0.990705371 -0.003059853 0.135951057
1690471702.225583 -3.223209143 -0.089397594 0.658413291 0.002810751 -0.991029143 -0.000503464 0.133615434
1690471702.358311 -3.360817194 -0.072683930 0.510738075 0.003640395 -0.993257940 0.002458341 0.115842044
1690471702.425038 -3.369894981 -0.067606106 0.457808197 0.004490624 -0.993536174 0.002528815 0.113399535
1690471702.491648 -3.365982533 -0.093011439 0.404062510 0.005234970 -0.993674219 -0.000605850 0.112178326
1690471702.558308 -3.367929935 -0.095655873 0.356846571 0.005097433 -0.993887424 -0.002077456 0.110260926
1690471702.625107 -3.473543882 -0.053489309 0.279550493 0.004401632 -0.995206773 0.001472186 0.097683400
1690471702.691774 -3.479011059 -0.072470613 0.233725846 0.004073130 -0.995460689 -0.000999851 0.095081419
1690471702.758290 -3.456308603 -0.088764437 0.177723706 0.003227087 -0.995456159 -0.003730138 0.095093258
1690471702.891806 -3.451549530 -0.093837246 0.082183123 0.001728045 -0.995848835 -0.006253541 0.090791367
1690471702.958396 -3.451454878 -0.092303187 0.039578915 0.002303049 -0.996077120 -0.006369143 0.088229649
1690471703.025028 -3.566264629 -0.030874489 -0.092684627 0.003162741 -0.997228563 0.000947857 0.074326873
1690471703.093273 -3.550748825 -0.031984158 -0.152723908 0.002476569 -0.997366548 0.000406764 0.072483204
1690471703.158394 -3.557158470 -0.038116034 -0.199808836 0.001537383 -0.997712493 -0.000601951 0.067579627
1690471703.225022 -3.545007467 -0.036196634 -0.237845182 0.001156632 -0.997914910 -0.001377269 0.064519405
1690471703.293134 -3.534750223 -0.061131425 -0.280518770 0.000042560 -0.998179376 -0.005642821 0.060050901
1690471703.491806 -3.580959797 -0.041937150 -0.453650296 -0.000543134 -0.999335468 -0.004918150 0.036113895
1690471703.558364 -3.574022293 -0.043609038 -0.491233349 -0.000916576 -0.999560833 -0.005722526 0.029064285
1690471703.625031 -3.572777033 -0.049139559 -0.558879912 -0.001548517 -0.999786913 -0.007154935 0.019304315
1690471703.692526 -3.568638563 -0.047292307 -0.608655274 -0.001315045 -0.999917746 -0.007258684 0.010500451
1690471703.757636 -3.572518826 -0.041997179 -0.675664246 -0.001435437 -0.999975085 -0.006915585 0.000098172
1690471703.825061 -3.554198027 -0.039310846 -0.724337935 -0.000682086 -0.999939859 -0.006955014 -0.008456514
1690471703.959383 -3.558488131 -0.029279606 -0.878624737 0.001760680 0.999382019 0.006737945 0.034454457
1690471704.025027 -3.542348623 -0.026754487 -0.923098803 0.001530921 0.998917758 0.007188831 0.045927744
1690471704.158653 -3.521535158 -0.026832743 -1.017996907 0.003061794 0.997353196 0.008459864 0.072150491
1690471704.225130 -3.513843298 -0.026232488 -1.071585298 0.003446936 0.996121407 0.008775502 0.087483510
1690471704.291910 -3.496165276 -0.025159255 -1.138166904 0.003259205 0.994862854 0.008893199 0.100788228
1690471704.358371 -3.478467703 -0.023958813 -1.184284687 0.003231256 0.993357122 0.009218876 0.114657186
1690471704.425164 -3.460044622 -0.019804619 -1.240787268 0.003512140 0.991601527 0.009136265 0.128960118
1690471704.491750 -3.444533348 -0.012375697 -1.278406620 0.003322250 0.989698410 0.009350487 0.142824024
1690471704.558455 -3.420004845 -0.015190389 -1.345569968 0.002438186 0.987348795 0.010724324 0.158181846
1690471704.625258 -3.399551868 -0.020321723 -1.388786912 0.001179728 0.984784842 0.011663332 0.173382401
1690471704.691833 -3.370068312 -0.017842375 -1.430248499 0.000799305 0.982047677 0.012257129 0.188232929
1690471704.758425 -3.340280056 -0.014858429 -1.474401712 -0.000644319 0.979025185 0.012496261 0.203354597
1690471704.825367 -3.329868078 -0.021917876 -1.507411122 -0.002295761 0.975474238 0.014110105 0.219648883
1690471705.025218 -3.235447645 -0.007127468 -1.599843025 -0.004286474 0.964627445 0.014967625 0.263156831
1690471705.091723 -3.228033781 0.015304033 -1.690131903 -0.001980470 0.957774401 0.013877061 0.287178993
1690471705.158540 -3.180161953 -0.006099079 -1.686967611 -0.004050210 0.954853475 0.017072394 0.296558797
1690471705.225162 -3.149932146 0.001476932 -1.718311787 -0.003501926 0.950003207 0.016920645 0.311761737
1690471705.358698 -3.091856480 0.003453352 -1.782373428 -0.003740317 0.938917518 0.018729717 0.343611926
1690471705.425135 -3.005196571 -0.022815414 -1.795948863 -0.006071034 0.935284913 0.021061914 0.353216231
1690471705.492671 -2.993834734 -0.004982747 -1.821542263 -0.004664017 0.928789973 0.020470042 0.370011389
1690471705.558635 -2.969435453 0.003634956 -1.842389941 -0.004841699 0.922431886 0.020075195 0.385607332
1690471705.625207 -2.959826708 0.019639917 -1.864461422 -0.003850295 0.915280044 0.019156666 0.402344018
1690471705.691870 -2.921916962 0.003767170 -1.900944710 -0.005666945 0.908761203 0.020634647 0.416767627
1690471705.758507 -2.869613409 0.005049393 -1.923423886 -0.005167756 0.902119637 0.019556744 0.431011707
1690471705.828137 -2.814795017 0.019096054 -1.933646798 -0.003538186 0.895631492 0.018125428 0.444413394
1690471705.892173 -2.790429831 0.029853135 -1.963378549 -0.003674350 0.887892187 0.016868690 0.459727585
1690471705.958297 -2.747037172 0.038628913 -1.986554980 -0.000885223 0.880054653 0.017397230 0.474552840
1690471706.091999 -2.675182343 0.046583027 -2.006559134 0.000787848 0.865890980 0.017146975 0.499938250
1690471706.158513 -2.617781162 0.038060997 -2.064021111 0.001639887 0.854984105 0.018605610 0.518317997
1690471706.225187 -2.577142239 0.076170467 -2.023830891 0.006267766 0.851028740 0.015060466 0.524865806
1690471706.292616 -2.524314880 0.085356489 -2.066750288 0.007627144 0.840348363 0.014590053 0.541796684
1690471706.358036 -2.479443550 0.082967624 -2.073775768 0.007683303 0.832152247 0.015680095 0.554272354
1690471706.558107 -2.315680981 0.095441088 -2.100836992 0.010859543 0.805000722 0.016270140 0.592951298
1690471706.625280 -2.250127077 0.101870820 -2.141629934 0.012435329 0.792323053 0.016158080 0.609761000
1690471706.691912 -2.214489937 0.105358079 -2.107879400 0.012660814 0.786350012 0.015477930 0.617457569
1690471706.825409 -2.125676870 0.105779588 -2.098508358 0.013408701 0.767702937 0.015433082 0.640479803
1690471706.891921 -2.076686859 0.106823117 -2.102220297 0.014084337 0.757190526 0.016656585 0.652829885
1690471706.958625 -2.029471397 0.092082016 -2.089040279 0.013739304 0.748573661 0.019154528 0.662632465
1690471707.025269 -1.974394321 0.101857640 -2.087849855 0.015653800 0.738506377 0.018487377 0.673811197
1690471707.158665 -1.877003670 0.094640151 -2.082366705 0.016335255 0.716890872 0.020012993 0.696706653
1690471707.225329 -1.820005417 0.097742438 -2.060780525 0.017632220 0.707034230 0.020417316 0.706664622
1690471707.358773 -1.722916126 0.096315414 -2.069315434 0.017453495 0.682206750 0.021266948 0.730641544
1690471707.426398 -1.664092183 0.102109373 -2.053974152 0.017981933 0.670552671 0.020060366 0.741372705
1690471707.491890 -1.609996200 0.104305111 -2.029001236 0.018614179 0.659653127 0.020181580 0.751068652
1690471707.558808 -1.557837725 0.112200283 -2.019717455 0.019172341 0.647069037 0.017918587 0.761979699
1690471707.625276 -1.513012290 0.090800136 -2.012007236 0.017694036 0.633716643 0.020200167 0.773099124
1690471707.825250 -1.407127738 0.090752147 -1.930741668 0.019682581 0.600649655 0.020251188 0.799013436
1690471707.892064 -1.371888638 0.084908813 -1.900942802 0.019657239 0.587310791 0.021271279 0.808843076
1690471707.958618 -1.317245603 0.077505611 -1.883112311 0.019185431 0.573443294 0.022590509 0.818709016
1690471708.025721 -1.256510735 0.071800701 -1.852006316 0.019562824 0.558930457 0.022681039 0.828673482
1690471708.092133 -1.254613161 0.074983612 -1.824072957 0.020142652 0.547844172 0.023172792 0.836016834
1690471708.159620 -1.206665993 0.061774291 -1.794725418 0.019025179 0.532462716 0.023938240 0.845901012
1690471708.225637 -1.187106133 0.075068161 -1.753590226 0.021018824 0.519942701 0.022768484 0.853638947
1690471708.296401 -1.152029395 0.075722352 -1.714014292 0.021307981 0.505444109 0.021848386 0.862319589
1690471708.358983 -1.130138516 0.059611857 -1.696783781 0.019715218 0.489533931 0.023303395 0.871449888
1690471708.425381 -1.096913457 0.060362712 -1.651638746 0.020744858 0.475317448 0.022823414 0.879273653
1690471708.496066 -1.057324529 0.055936381 -1.618654251 0.020406043 0.457968324 0.023367107 0.888427138
1690471708.558644 -1.003253460 0.055371929 -1.593487382 0.020199813 0.439740866 0.023245558 0.897596598
1690471708.625378 -0.962834299 0.048883583 -1.563224792 0.019907748 0.422203898 0.024016548 0.905964017
1690471708.692492 -0.971522391 0.037301574 -1.531484842 0.019249804 0.408516347 0.027452970 0.912135005
1690471708.892751 -1.424057722 -0.144682795 -1.546314716 0.001145665 0.397617698 0.042295586 0.916575134
1690471708.958132 -1.386659503 -0.143893242 -1.506307840 0.000830219 0.381815195 0.041822426 0.923291624
1690471709.025571 -1.349800467 -0.147701994 -1.464221478 0.000758279 0.365899473 0.042662703 0.929675758
1690471709.092386 -1.330415487 -0.140736461 -1.407353401 0.001854473 0.353314817 0.041686915 0.934573412
1690471709.225479 -1.301648736 -0.135562181 -1.310061574 0.002898379 0.328897715 0.041453969 0.943450868
1690471709.358696 -1.246292710 -0.137114972 -1.240493655 0.003381237 0.301465511 0.043232132 0.952490449
1690471709.425500 -1.218163371 -0.135736898 -1.192840338 0.004301635 0.287933677 0.043008253 0.956674457
1690471709.558891 -1.197622418 -0.145183399 -1.096056581 0.004825668 0.266266286 0.041101292 0.963010728
1690471709.625469 -1.168602228 -0.130438387 -1.041502357 0.006651586 0.253982723 0.040746223 0.966327250
1690471709.692188 -1.184391975 -0.136258796 -0.998690128 0.005821034 0.247305527 0.039618570 0.968109727
1690471709.758836 -1.170180678 -0.127630085 -0.945298910 0.006999113 0.238235801 0.038151048 0.970432520
1690471709.892168 -1.154527783 -0.146988302 -0.878720105 0.004171684 0.220635861 0.038135782 0.974601507
1690471709.958769 -1.095507383 -0.124166496 -0.845952272 0.007683877 0.206908658 0.039001413 0.977552414
1690471710.025549 -1.072829843 -0.127962619 -0.831730127 0.005792662 0.198818907 0.034799848 0.979401052
1690471710.092318 -1.059283853 -0.121456504 -0.781112492 0.006331063 0.191607654 0.034475088 0.980845511
1690471710.158990 -1.045198560 -0.136644408 -0.742265165 0.003601108 0.184781462 0.034699474 0.982160330
1690471710.225479 -1.043202400 -0.128945500 -0.687586904 0.004650110 0.179863840 0.034067906 0.983090460
1690471710.292307 -1.030014753 -0.134701490 -0.647801995 0.003995238 0.173857048 0.035034746 0.984139383
1690471710.358751 -1.012173891 -0.123914152 -0.599534273 0.005755318 0.167669445 0.034411002 0.985225737
1690471710.425545 -1.005525947 -0.129024893 -0.554858267 0.005849553 0.161800161 0.034373652 0.986207366
1690471710.492184 -0.985031962 -0.123116873 -0.505086303 0.006441206 0.154843748 0.034135420 0.987328112
1690471710.625593 -0.979858875 -0.122216597 -0.430956602 0.006770970 0.145361915 0.033230621 0.988797128
1690471710.692131 -0.972839952 -0.121524900 -0.393535882 0.006753738 0.138753086 0.033520665 0.989736557
1690471710.758767 -0.944739521 -0.125308722 -0.353728741 0.006138329 0.131202802 0.035356019 0.990705907
1690471710.825714 -0.933728576 -0.133720666 -0.368314624 0.004824667 0.125412375 0.032660931 0.991555274
1690471710.892173 -0.913289011 -0.137717798 -0.321637034 0.004160040 0.119072340 0.032746006 0.992336810
1690471710.958808 -0.895286202 -0.140228570 -0.284709096 0.002838311 0.112821013 0.033531517 0.993045390
1690471711.025752 -0.873092890 -0.142731801 -0.240484759 0.001941575 0.106470175 0.033223405 0.993758798
1690471711.096376 -0.847684383 -0.146212816 -0.186164349 0.001526432 0.100614406 0.033014294 0.994376421
1690471711.159122 -0.885444105 -0.140629232 -0.145424038 0.001587662 0.099875793 0.035646815 0.994359910
1690471711.358883 -0.867750347 -0.123641022 -0.072322644 0.004363228 0.086167276 0.034947500 0.995658040
1690471711.425547 -0.870713055 -0.131501034 -0.026834508 0.003453586 0.081888601 0.035159320 0.996015191
1690471711.493775 -0.859835625 -0.130111098 0.021408575 0.003350561 0.076179281 0.034530688 0.996490419
1690471711.557601 -0.854273438 -0.123823218 0.071629301 0.003121103 0.071551055 0.035264023 0.996808469
1690471711.625543 -0.853962004 -0.137537241 0.112527430 0.001221757 0.065966323 0.034938544 0.997209251
1690471711.758900 -0.848719776 -0.123788550 0.191463962 0.003707607 0.053706862 0.036646437 0.997877181
1690471711.825569 -0.845041215 -0.117195353 0.239622325 0.004848655 0.045472302 0.037215464 0.998260379
1690471711.892300 -0.829880893 -0.114932463 0.235027507 0.005203688 0.033887044 0.037690774 0.998701155
1690471711.958923 -0.833449423 -0.115724452 0.282065153 0.004560139 0.024607709 0.038448323 0.998947144
1690471712.025597 -0.832236171 -0.117006160 0.319054157 0.003975597 0.014353758 0.038447659 0.999149621
1690471712.092328 -0.839928150 -0.116645806 0.358760923 0.004047119 0.003452324 0.039196771 0.999217391
1690471712.158921 -0.843876839 -0.113716036 0.413860470 0.004847688 -0.007784470 0.039903000 0.999161482
1690471712.225627 -0.850319266 -0.113313526 0.458144963 0.005625843 -0.020039359 0.040453881 0.998964667
1690471712.359030 -0.856539667 -0.104999490 0.494157076 0.008335639 -0.046308372 0.038623899 0.998145401
1690471712.492427 -0.891142786 -0.115089476 0.580151916 0.008191547 -0.072659008 0.037997473 0.996599197
1690471712.558951 -0.904649854 -0.106784940 0.611924708 0.009354422 -0.086792171 0.038736232 0.995429099
1690471712.625615 -0.922468781 -0.123397596 0.632701159 0.007312310 -0.100169785 0.039576098 0.994156122
1690471712.759069 -0.975406229 -0.138400763 0.713880420 0.006362307 -0.128771469 0.040469605 0.990827799
1690471712.896449 -1.026925087 -0.163325354 0.793713570 0.006095622 -0.160850897 0.040725332 0.986119330
1690471712.959079 -1.014376163 -0.143838853 0.844036222 0.008562685 -0.183685288 0.042407613 0.982032597
1690471713.025765 -1.078037620 -0.210985973 0.883378923 0.002784354 -0.196295634 0.030221066 0.980075002
1690471713.092384 -1.103932500 -0.216287285 0.908140063 0.002046991 -0.213229865 0.029978922 0.976539910
1690471713.158938 -1.133393407 -0.223823443 0.935514152 0.001342274 -0.230564475 0.030153021 0.972588837
1690471713.225660 -1.171520472 -0.215854645 0.967636943 0.002396034 -0.248142451 0.031591989 0.968205333
1690471713.292236 -1.202592492 -0.206015795 0.988556266 0.004055205 -0.265215427 0.031760138 0.963657498
1690471713.358983 -1.236377716 -0.216031507 1.013096213 0.003079692 -0.282331318 0.031302448 0.958801210
1690471713.425686 -1.266558528 -0.218077600 1.041004896 0.002493577 -0.300559878 0.032010604 0.953222334
1690471713.493563 -1.239694595 -0.247778267 1.127164364 -0.000275928 -0.326423198 0.022912648 0.944945931
1690471713.692239 -1.447762012 0.070213884 1.566873670 0.007565723 -0.382302552 0.016311446 0.923862278
1690471713.892431 -1.697777510 0.037974674 1.708847642 0.004284215 -0.436003268 0.017946094 0.899755955
1690471714.025666 -1.836303830 0.127320006 1.780907750 0.016578553 -0.469386160 0.019714801 0.882617235
1690471714.159018 -1.979365706 0.001566969 1.885986328 0.002207456 -0.504397988 0.018648684 0.863267064
1690471714.225612 -2.055661201 -0.022252368 1.904389977 0.000874777 -0.519062161 0.017541235 0.854556084
1690471714.359158 -2.094007969 -0.011167675 1.952369928 0.004014156 -0.548152149 0.016030224 0.836215377
1690471714.425659 -2.113315105 -0.002041228 1.954183102 0.005058828 -0.561145425 0.016473895 0.827537894
1690471714.496424 -2.140421391 -0.016660016 1.954426765 0.003227909 -0.572851241 0.015754575 0.819501579
1690471714.559037 -2.166442871 -0.011635542 1.962481856 0.002712064 -0.585240364 0.016660772 0.810684144
1690471714.625792 -2.169767380 -0.025576845 2.027612686 0.003627099 -0.602424264 0.012605844 0.798068285
1690471714.759140 -2.231578588 -0.041973595 2.034859419 -0.000296380 -0.625838757 0.010370243 0.779883564
1690471714.825606 -2.278400421 -0.070640534 2.029038191 -0.003085678 -0.637356937 0.007017235 0.770530581
1690471714.959051 -2.199161053 -0.025744017 1.969572783 -0.003381099 -0.658311725 0.008878219 0.752685487
1690471715.025888 -2.253929138 -0.031678826 1.953013420 -0.002399963 -0.669210434 0.009629358 0.743006706
1690471715.096509 -2.285325289 -0.031193463 1.913795233 -0.002554167 -0.678207457 0.011593653 0.734774649
1690471715.159150 -2.308359861 -0.027047150 1.905613899 -0.003055725 -0.689714253 0.013129158 0.723956287
1690471715.292511 -2.240786076 -0.024620926 1.957534552 -0.001541402 -0.715530157 0.012599624 0.698466539
1690471715.359161 -2.282441378 -0.041625842 1.908403635 -0.001951570 -0.725668252 0.014071855 0.687898159
1690471715.425769 -2.308367729 -0.040765226 1.917356014 -0.000454060 -0.738025129 0.017142758 0.674555361
1690471715.495727 -2.339128256 -0.060146686 1.933923721 -0.001627718 -0.752593398 0.017163143 0.658259869
1690471715.559110 -2.350629330 -0.043164350 1.908487797 0.001849219 -0.763557255 0.020356478 0.645416498
1690471715.692426 -2.360859871 -0.042983249 1.917089462 0.004106186 -0.787790895 0.018840233 0.615640938
1690471715.759339 -2.405204296 -0.032228235 1.862906456 0.004757897 -0.798488438 0.018495696 0.601707220
1690471715.825836 -2.545406103 -0.021427087 1.792123795 0.005138877 -0.809675157 0.021639390 0.586456776
1690471715.892507 -2.574695587 -0.030368477 1.772836447 0.002761294 -0.820976913 0.021118611 0.570564032
1690471715.959154 -2.591499329 -0.028551128 1.792441845 0.001755138 -0.833867013 0.021151740 0.551557302
1690471716.095180 -2.676618576 0.003240176 1.751428366 0.002808746 -0.856575370 0.025166349 0.515400231
1690471716.158943 -2.602592945 -0.047185048 1.755758762 -0.003716878 -0.866156220 0.019201882 0.499390572
1690471716.293050 -2.641235590 -0.045711402 1.693454266 -0.004356136 -0.883750916 0.017741334 0.467600971
1690471716.429489 -2.731923342 -0.058914807 1.617332935 -0.004952163 -0.902644694 0.015924469 0.430063367
1690471716.492640 -2.760901451 -0.053818371 1.571877480 -0.005654575 -0.910559654 0.016240371 0.413019925
1690471716.626007 -2.822575331 -0.090105094 1.519215226 -0.007201976 -0.925993204 0.011794270 0.377287298
1690471716.692823 -2.873687744 -0.051726960 1.483994007 -0.006327959 -0.933995008 0.014335064 0.356942266
1690471716.758862 -2.928190947 -0.054358054 1.469403267 -0.007669218 -0.941634417 0.014339284 0.336244345
1690471716.825872 -2.958878279 -0.063023865 1.443671823 -0.008845351 -0.947854340 0.012585601 0.318332434
1690471716.959179 -2.990939856 -0.058397576 1.395449638 -0.006670109 -0.957402110 0.010010329 0.288507462
1690471717.025979 -3.040300369 -0.069505945 1.352007627 -0.007584055 -0.962836087 0.008353508 0.269850910
1690471717.092535 -3.104552984 -0.056706544 1.339796543 -0.005861018 -0.968079567 0.008358262 0.250435263
1690471717.159139 -3.082708836 -0.046576142 1.267877579 -0.003714359 -0.970397353 0.008962008 0.241319284
1690471717.226061 -3.073771715 -0.058968011 1.231607437 -0.005204642 -0.972963274 0.007106676 0.230791911
1690471717.292746 -3.114250898 -0.064917430 1.194522619 -0.002569314 -0.975910127 0.005852215 0.218079343
1690471717.359261 -3.138737917 -0.077764913 1.164690971 -0.003002685 -0.978322089 0.004068012 0.207027510
1690471717.425886 -3.182531595 -0.059088022 1.088374257 -0.001717457 -0.980529487 0.005289051 0.196293429
1690471717.492515 -3.168325424 -0.030267585 1.048082709 -0.001478876 -0.981603682 0.006907143 0.190799385
1690471717.626119 -3.252644062 -0.018911101 0.997915447 0.001995709 -0.984806716 0.006898092 0.173505679
1690471717.692558 -3.230275393 -0.033976912 0.940302253 0.000353053 -0.985440671 0.004952573 0.169947356
1690471717.759559 -3.263521910 -0.017473895 0.914489031 0.000334861 -0.986853182 0.006542860 0.161486775
1690471717.826374 -3.327381134 -0.057201006 0.828955352 0.001317468 -0.988278747 0.003788412 0.152607575
1690471717.895013 -3.350214720 -0.063175954 0.773004770 0.001975023 -0.989212871 0.003296834 0.146434933
1690471718.025964 -3.372443914 -0.077591211 0.678758502 0.000692937 -0.990902483 0.001603005 0.134570971
1690471718.096310 -3.403369188 -0.071296662 0.617955625 0.000153096 -0.991910815 0.002117045 0.126919568
1690471718.159257 -3.413562059 -0.053732816 0.564501822 -0.000995505 -0.992641449 0.003320400 0.121041149
1690471718.296213 -3.458686590 -0.085080191 0.430553377 -0.000845317 -0.994175017 -0.000094637 0.107775055
1690471718.425939 -3.486962318 -0.083796598 0.332798958 -0.001186567 -0.995381117 -0.002329286 0.095966794
1690471718.560437 -3.489563942 -0.044321734 0.199123323 -0.001290266 -0.996227562 0.000574425 0.086767815
1690471718.625877 -3.507696629 -0.050131958 0.139186442 -0.001968191 -0.996788621 -0.000747738 0.080050506
1690471718.759269 -3.522481441 -0.048925515 0.016103745 -0.000917105 -0.997618437 -0.000620123 0.068965457
1690471718.826453 -3.562748671 -0.045753356 -0.046680748 0.000025741 -0.998143435 -0.000390479 0.060906339
1690471718.892676 -3.568432808 -0.050261233 -0.110214412 0.000406580 -0.998498440 -0.001423674 0.054761693
1690471718.960008 -3.572511911 -0.047342088 -0.177252114 0.000563446 -0.998793542 -0.001778124 0.049072538
1690471719.026027 -3.582324266 -0.039415617 -0.236333489 0.000518057 -0.999081552 -0.001030638 0.042834397
1690471719.226189 -3.610462189 -0.031669389 -0.410150170 -0.000161343 -0.999758780 -0.002399652 0.021833623
1690471719.293609 -3.601939678 -0.031639986 -0.470101655 -0.002022515 -0.999882996 -0.003163117 0.014829595
1690471719.359390 -3.604021549 -0.028298473 -0.526077986 -0.002078431 -0.999969006 -0.003621500 0.006687528
1690471719.426114 -3.596304178 -0.028435320 -0.587926686 -0.001852906 -0.999989390 -0.004034730 -0.001298541
1690471719.492924 -3.600613832 -0.031789299 -0.649439096 0.000284467 0.999935746 0.004727020 0.010302811
1690471719.626033 -3.587279558 -0.024816150 -0.764782906 0.001621587 0.999533355 0.005002615 0.030090192
1690471719.696210 -3.580847502 -0.025043977 -0.810526907 0.002004931 0.999162257 0.005707773 0.040474854
1690471719.758700 -3.571035624 -0.029560920 -0.868309438 0.001237672 0.998657942 0.006491368 0.051368605
1690471719.826024 -3.559553862 -0.031301580 -0.935625613 0.001627055 0.997971356 0.006864998 0.063272990
1690471719.959388 -3.532854080 -0.021297112 -1.042994142 0.001173573 0.996269464 0.007254716 0.085983507
1690471720.026009 -3.524996042 -0.022159159 -1.096202731 0.001241040 0.995105863 0.007743879 0.098503523
1690471720.159402 -3.489460468 -0.019542690 -1.196974874 0.002978079 0.992327273 0.008815915 0.123288728
1690471720.225971 -3.470098972 -0.019988384 -1.251680017 0.004449091 0.990504980 0.009444743 0.137079924
1690471720.363373 -3.428749800 -0.015918134 -1.348673820 0.002379508 0.986295402 0.010167253 0.164658666
1690471720.426022 -3.399423361 -0.015397314 -1.398243189 0.001081741 0.983843148 0.010546060 0.178718418
1690471720.492878 -3.374829769 -0.015255964 -1.441071153 -0.001235039 0.981272936 0.010438236 0.192335606
1690471720.559354 -3.347131491 -0.012738879 -1.489502311 -0.001875582 0.978255987 0.011361354 0.207081422
1690471720.626022 -3.324436665 -0.013170958 -1.519478202 -0.002695711 0.975188851 0.011563030 0.221056134
1690471720.826183 -3.230190992 -0.008313667 -1.581102014 -0.004539719 0.965682268 0.014378613 0.259288371
1690471720.959413 -3.177915335 -0.002945628 -1.722656250 -0.002639171 0.954689622 0.016678054 0.297124088
1690471721.026143 -3.136515856 -0.023811445 -1.742223382 -0.005759410 0.950525105 0.018119682 0.310065508
1690471721.093670 -3.102073669 -0.008128781 -1.766996861 -0.004117688 0.945307612 0.018002164 0.325657070
1690471721.159375 -3.062962055 -0.004648142 -1.789483190 -0.003708547 0.939865112 0.019030670 0.340995342
1690471721.226245 -3.034013271 0.003810145 -1.815641761 -0.001932435 0.933834970 0.019230509 0.357181728
1690471721.426244 -2.994481087 0.023046590 -1.923391700 -0.002761698 0.911928773 0.019177655 0.409890920
1690471721.493646 -2.957868338 0.035112709 -2.041045427 -0.000134618 0.898999453 0.018575227 0.437555760
1690471721.558601 -2.891430616 0.046866909 -2.013626337 -0.000806693 0.894712448 0.016496196 0.446337342
1690471721.626151 -2.841163635 0.052456889 -2.035794735 -0.000637139 0.886622369 0.015909877 0.462219983
1690471721.692779 -2.780707359 0.052468404 -2.007334709 0.000834473 0.881455004 0.016175352 0.471990287
1690471721.827476 -2.696166992 0.060930789 -2.039921522 0.004068587 0.864245772 0.016360288 0.502787352
1690471721.965916 -2.592045307 0.069421165 -2.066206932 0.006665606 0.846187234 0.016674861 0.532583058
1690471722.095276 -2.483905792 0.086377203 -2.082274437 0.009359813 0.827479720 0.015827553 0.561194539
1690471722.161719 -2.420281887 0.086266562 -2.100814104 0.010183632 0.816878974 0.016586579 0.576480746
1690471722.226180 -2.367545843 0.094359577 -2.101214647 0.011602389 0.807728112 0.017091203 0.589193225
1690471722.426209 -2.200677395 0.101101048 -2.096594572 0.012665759 0.779478192 0.015720699 0.626103938
1690471722.563753 -2.093377829 0.107331283 -2.116604567 0.014746836 0.756821334 0.016454490 0.653248310
1690471722.626228 -2.043358803 0.110492423 -2.113121033 0.015632354 0.746637940 0.016939061 0.664831221
1690471722.759598 -1.940743923 0.100030147 -2.076672077 0.017865283 0.727704585 0.020020448 0.685365677
1690471722.826263 -1.885325670 0.099731609 -2.098085880 0.019187603 0.713019669 0.021009924 0.700566530
1690471722.959519 -1.783366680 0.108550236 -2.089198589 0.020627739 0.688850045 0.021167293 0.724301159
1690471723.026285 -1.721768498 0.094671987 -2.065834522 0.018882424 0.677863657 0.022968909 0.734586120
1690471723.093603 -1.672966599 0.094538875 -2.048871994 0.018816443 0.666109145 0.022927035 0.745264411
1690471723.159483 -1.615761042 0.090200655 -2.039479733 0.018368548 0.652428985 0.023264514 0.757269979
1690471723.226412 -1.564362764 0.087670043 -2.022798061 0.018571887 0.639135599 0.023075242 0.768523455
1690471723.292961 -1.518020749 0.093187004 -1.985255480 0.020396914 0.627713799 0.022605788 0.777848601
1690471723.359535 -1.460728884 0.095087126 -1.960753560 0.021399822 0.613426208 0.022805678 0.789132714
1690471723.428321 -1.422527313 0.087231621 -1.937261939 0.021305621 0.599748909 0.023888940 0.799547851
1690471723.492893 -1.379101276 0.090291858 -1.909630299 0.021967586 0.585717678 0.023322362 0.809881747
1690471723.559651 -1.352834463 0.079099089 -1.871684670 0.021180054 0.572310984 0.025408547 0.819369316
1690471723.692904 -1.268555403 0.074867785 -1.811562896 0.021693317 0.541918099 0.026379449 0.839737058
1690471723.759659 -1.213422418 0.071259916 -1.779266238 0.022133706 0.524645984 0.025983300 0.850636005
1690471723.826244 -1.177125931 0.069898181 -1.743149996 0.022404473 0.508809090 0.025911529 0.860197663
1690471723.896866 -1.151943326 0.072900929 -1.715151072 0.021862246 0.493047148 0.024672190 0.869377911
1690471723.959784 -1.106168032 0.066764303 -1.688830256 0.021836013 0.474680334 0.024693405 0.879540861
1690471724.026301 -1.080368042 0.066422090 -1.645190954 0.022221085 0.459119260 0.023913581 0.887774706
1690471724.095323 -1.048636794 0.059272859 -1.597111225 0.021415854 0.443559587 0.024784330 0.895646155
1690471724.158909 -1.001509666 0.056446243 -1.558726072 0.021786695 0.425171703 0.025884505 0.904480159
1690471724.359653 -1.312232375 0.036604285 -1.475475192 0.019851085 0.407982200 0.029972926 0.912281811
1690471724.426275 -1.284241080 0.022363551 -1.424850464 0.017251672 0.392040074 0.031461924 0.919248164
1690471724.493019 -1.274944663 -0.000082776 -1.371719956 0.014483127 0.377739608 0.032385040 0.925232053
1690471724.560075 -1.253908277 -0.006245077 -1.327166438 0.014572552 0.362492144 0.032852527 0.931293666
1690471724.626276 -1.257297635 -0.027381770 -1.271312952 0.012151822 0.350077540 0.032968778 0.936061561
1690471724.759788 -1.273809671 -0.042238891 -1.152038574 0.010842345 0.327855587 0.032687079 0.944099963
1690471724.826258 -1.271486402 -0.090011820 -1.129506469 0.005803742 0.313473552 0.036913082 0.948861480
1690471724.893165 -1.296007276 -0.110078841 -1.071716428 0.004814344 0.304128081 0.039792646 0.951787591
1690471724.959819 -1.250271678 -0.107497737 -1.036885619 0.004910883 0.288902760 0.037918363 0.956594646
1690471725.026269 -1.147222281 -0.064267650 -0.993128717 0.011335460 0.271562576 0.030988995 0.961854994
1690471725.093031 -1.140630126 -0.080974713 -0.932057798 0.009703891 0.260818005 0.030569401 0.964855134
1690471725.159632 -1.123070955 -0.080570355 -0.888125300 0.010140578 0.250735432 0.029374808 0.967556834
1690471725.293040 -1.098708153 -0.078217752 -0.783244014 0.009816948 0.232319295 0.028332286 0.972177327
1690471725.359659 -1.099493861 -0.087410890 -0.727864742 0.008640010 0.225221008 0.027677394 0.973876178
1690471725.426498 -1.113327980 -0.068236157 -0.680456638 0.010181183 0.220792785 0.024773976 0.974952936
1690471725.559753 -1.124990702 -0.079197928 -0.574105799 0.009675518 0.210768178 0.023221292 0.977212369
1690471725.626374 -1.147660494 -0.073226780 -0.519370854 0.009418706 0.207214862 0.023422644 0.977969646
1690471725.826532 -0.943094254 -0.044481125 -0.437897891 0.010965558 0.175645649 0.019773167 0.984193802
1690471726.026416 -0.900142133 -0.054920319 -0.292720467 0.010089100 0.160275176 0.020765563 0.986802399
1690471726.094973 -0.893104672 -0.066670775 -0.219185591 0.009114102 0.156293660 0.021435644 0.987435997
1690471726.159489 -0.866321146 -0.062844887 -0.198026448 0.008613820 0.149885520 0.021396065 0.988434315
1690471726.226417 -0.859801352 -0.070636466 -0.153673619 0.007218454 0.146180063 0.020339362 0.989022613
1690471726.293154 -0.871809244 -0.083048999 -0.113721952 0.004891187 0.144622609 0.020320838 0.989266157
1690471726.359870 -0.851443052 -0.063622862 -0.059304394 0.008750836 0.138704330 0.019492604 0.990103364
1690471726.493930 -0.804266930 -0.067015581 0.037214451 0.006952209 0.126749292 0.019801982 0.991712809
1690471726.559256 -0.821733713 -0.085007206 0.080390938 0.004343562 0.124593563 0.020734712 0.991981745
1690471726.626405 -0.850428939 -0.083362646 0.135184422 0.005001036 0.125183702 0.020165887 0.991916060
1690471726.760024 -0.841376424 -0.077213690 0.224396065 0.006170227 0.116747350 0.021543194 0.992908835
1690471726.826372 -0.833197773 -0.074650675 0.257025003 0.006856602 0.112129144 0.020172948 0.993465245
1690471726.959901 -0.805549085 -0.062101159 0.311850220 0.007422310 0.100324176 0.020289002 0.994720221
1690471727.093118 -0.795895934 -0.076409057 0.398310065 0.004813665 0.087484792 0.021820312 0.995915234
1690471727.159763 -0.792321146 -0.086008139 0.445659220 0.003384301 0.080131002 0.022002691 0.996535778
1690471727.226511 -0.806842625 -0.087268889 0.492844343 0.003986546 0.075093053 0.022520388 0.996914268
1690471727.359771 -0.800923407 -0.093848221 0.571129322 0.003391137 0.058593690 0.023626640 0.997996569
1690471727.426626 -0.809211552 -0.097010642 0.599635124 0.003488697 0.050060313 0.023645721 0.998460174
1690471727.559758 -0.816443205 -0.094135404 0.703120649 0.003488130 0.030078022 0.023151517 0.999273300
1690471727.626632 -0.813510299 -0.112248018 0.751194477 0.001126467 0.018564126 0.023805544 0.999543667
1690471727.693141 -0.812683523 -0.104769826 0.776542008 0.001657920 0.006624885 0.025361197 0.999655068
1690471727.759893 -0.811832845 -0.111610979 0.811535120 0.001856652 -0.005422139 0.025058443 0.999669611
1690471727.826553 -0.814350367 -0.105379812 0.834945917 0.002897985 -0.018289926 0.024704522 0.999523282
1690471727.893187 -0.814821482 -0.112241633 0.863992512 0.002158463 -0.031404126 0.024210859 0.999211252
1690471727.959844 -0.874105513 -0.103407457 0.925669134 0.003918559 -0.040910058 0.025666075 0.998825490
1690471728.093138 -0.940996587 -0.127268836 0.997119308 0.001085602 -0.066021606 0.029831816 0.997371614
1690471728.160150 -0.932918251 -0.123013027 1.058596253 0.002273110 -0.083949447 0.029356567 0.996034920
1690471728.226486 -0.954898238 -0.132235140 1.091586471 0.000210618 -0.098297127 0.030155946 0.994700134
1690471728.293267 -0.972278714 -0.141612500 1.137410760 -0.000842974 -0.114642113 0.030615607 0.992934644
1690471728.360026 -0.990446806 -0.146457642 1.189459085 -0.001067893 -0.132277995 0.030671697 0.990737438
1690471728.429587 -0.996254086 -0.140011281 1.230132937 0.000322204 -0.152088523 0.031796537 0.987855315
1690471728.494259 -1.016577721 -0.149868935 1.259608984 -0.001174848 -0.170073658 0.031909846 0.984913945
1690471728.559758 -1.030738354 -0.164723247 1.327884197 -0.001108219 -0.190899849 0.031351428 0.981108129
1690471728.626517 -1.046289682 -0.137411386 1.393085003 0.003738597 -0.211675778 0.031366259 0.976829410
1690471728.694231 -1.093247890 -0.124170691 1.446718335 0.005591955 -0.228019416 0.030553022 0.973161101
1690471728.759727 -1.111564755 -0.104239874 1.503441930 0.008897903 -0.248184279 0.029842395 0.968212187
1690471728.826486 -1.138292551 -0.111145675 1.531219959 0.007757940 -0.266564935 0.030649953 0.963298321
1690471728.894132 -1.182716489 -0.124799415 1.572448611 0.006321286 -0.284305036 0.029738929 0.958251715
1690471728.959722 -1.215148568 -0.134964496 1.603659868 0.005318830 -0.302906543 0.029661506 0.952543795
1690471729.026616 -1.243562937 -0.144693360 1.629703522 0.003929894 -0.322067410 0.029522920 0.946248174
1690471729.159524 -1.282140255 -0.104946941 1.598446488 0.008018067 -0.354063123 0.030823698 0.934679031
1690471729.226662 -1.359013557 -0.100937307 1.635029793 0.009123187 -0.371643215 0.031734657 0.927788317
1690471729.293271 -1.399329066 -0.088683441 1.668395042 0.011410322 -0.391949236 0.032276358 0.919349730
1690471729.359932 -1.435898304 -0.117990240 1.715531588 0.009231480 -0.412555367 0.030018600 0.910391033
1690471729.426773 -1.499103904 -0.112762667 1.721382380 0.007558230 -0.429103404 0.035476420 0.902526796
1690471729.563896 -1.563355923 -0.114751399 1.741166353 0.009082567 -0.463703245 0.033236470 0.885320365
1690471729.626724 -1.616164565 -0.107136212 1.716916323 0.010474362 -0.477476895 0.034288105 0.877912581
1690471729.693282 -1.648930550 -0.137155920 1.737342358 0.008973815 -0.494447500 0.032367755 0.868558288
1690471729.760044 -1.683669806 -0.147239506 1.741257071 0.009273729 -0.509507716 0.031357829 0.859844506
1690471729.829504 -1.708251238 -0.144907534 1.754990578 0.010565399 -0.524346888 0.030788425 0.850882411
1690471729.894006 -1.729118943 -0.152893305 1.763684869 0.009390857 -0.538634896 0.030182034 0.841946185
1690471730.093287 -1.781880498 -0.147210389 1.749598861 0.010321300 -0.574173927 0.026360355 0.818243802
1690471730.160260 -1.767697334 -0.170845836 1.748393297 0.006367181 -0.588867068 0.023691334 0.807857573
1690471730.293570 -1.823949099 -0.174564451 1.784810424 0.003430030 -0.613507509 0.021340849 0.789393067
1690471730.360275 -1.867516994 -0.184288710 1.785266757 0.003562156 -0.624660194 0.020315289 0.780624330
1690471730.426521 -1.885872126 -0.202178121 1.802401423 0.003939494 -0.637263656 0.019846732 0.770380318
1690471730.560117 -1.922966242 -0.177241594 1.751543522 0.007138336 -0.655260921 0.023829676 0.754992902
1690471730.626581 -1.965313673 -0.174666047 1.737452745 0.007596272 -0.666501999 0.024988154 0.745045602
1690471730.695373 -1.977358103 -0.176990002 1.724375606 0.007556439 -0.677963316 0.026389478 0.734583020
1690471730.765014 -1.991618276 -0.181370869 1.710225105 0.007589384 -0.689437330 0.028770261 0.723734021
1690471730.829788 -2.009770632 -0.184137821 1.707613707 0.009137027 -0.702468574 0.031059442 0.710978091
1690471730.894676 -2.037544012 -0.184674904 1.719263554 0.010775538 -0.716964900 0.033190850 0.696235299
1690471731.226774 -2.012727499 -0.190061301 1.750942945 0.009827299 -0.737553298 0.034538060 0.674333513
1690471731.360120 -2.496245861 -0.030332243 1.858125210 0.001665875 -0.837071180 0.019124996 0.546757162
1690471731.426857 -2.526935816 -0.027098672 1.826128721 0.000612827 -0.846970618 0.019558562 0.531279445
1690471731.493372 -2.541264772 -0.045388795 1.810103655 -0.001450163 -0.856885791 0.017583797 0.515204370
1690471731.560196 -2.578555346 -0.036292285 1.782754302 -0.001904105 -0.867221773 0.018778682 0.497564226
1690471731.760185 -2.430784464 -0.047817666 1.685057759 0.002473308 -0.878447533 0.014973577 0.477597862
1690471731.826763 -2.543777466 -0.047529884 1.583512664 -0.005774995 -0.894340515 0.015534376 0.447079897
1690471732.026770 -2.702991009 -0.051360358 1.530857086 -0.005167427 -0.919901609 0.014033989 0.391864121
1690471732.093581 -2.890126944 -0.066539034 1.401468515 -0.010835843 -0.932605684 0.014613852 0.360438198
1690471732.164344 -2.905861855 -0.052693471 1.414601207 -0.010636503 -0.938989878 0.014814911 0.343461066
1690471732.226959 -2.928480625 -0.076227218 1.427554131 -0.007819459 -0.944911718 0.009812740 0.327084869
1690471732.430955 -2.765379906 -0.011856893 1.465919495 -0.001907215 -0.953477383 0.010815639 0.301264554
1690471732.493690 -3.050342083 -0.040029880 1.402242422 -0.003376996 -0.965213299 0.008729421 0.261296481
1690471732.560234 -3.090873003 -0.030811734 1.333925486 -0.002784802 -0.969186544 0.010018184 0.246108487
1690471732.629761 -3.102230787 -0.033654459 1.282308817 -0.004711107 -0.972504854 0.009027119 0.232659966
1690471732.694275 -3.144034147 -0.049443986 1.254268169 -0.004368612 -0.975999832 0.007664136 0.217592686
1690471732.827892 -3.188643932 -0.053054154 1.181669116 -0.002738361 -0.981447041 0.005592672 0.191632226
1690471732.960318 -3.200435877 -0.027065959 1.059463263 -0.002004404 -0.984942317 0.006921902 0.172733232
1690471733.026793 -3.235403538 -0.065938763 1.012408137 -0.001575473 -0.986774564 0.003783381 0.162047118
1690471733.094539 -3.268286228 -0.066186942 0.964861155 0.000233572 -0.988179684 0.003521889 0.153259814
1690471733.160191 -3.273467064 -0.049882650 0.913011849 0.001705967 -0.989199102 0.005061308 0.146480978
1690471733.230919 -3.312764168 -0.048638068 0.874743998 0.002152639 -0.990529120 0.004287690 0.137219161
1690471733.364809 -3.332868576 -0.060271241 0.780021787 0.003660945 -0.992124975 0.003123588 0.125160113
1690471733.427566 -3.361895561 -0.065315329 0.716101229 0.004667713 -0.993009210 0.003410753 0.117895611
1690471733.494048 -3.368924379 -0.073205471 0.656100512 0.004046662 -0.993661225 0.002627987 0.112312913
1690471733.564195 -3.368628740 -0.081314437 0.589850903 0.003366505 -0.994186640 0.002504488 0.107588813
1690471733.627007 -3.377870560 -0.085931532 0.540757835 0.003421489 -0.994706452 0.001727639 0.102686301
1690471733.693849 -3.387440681 -0.083464101 0.485623986 0.003169473 -0.995239496 0.001679120 0.097393811
1690471733.761992 -3.386132240 -0.093339339 0.439710200 0.002785936 -0.995638072 0.000237890 0.093258359
1690471733.827013 -3.394189596 -0.090625912 0.407045960 0.003555992 -0.996118665 -0.000707578 0.087945685
1690471733.893619 -3.400217533 -0.102602609 0.358327955 0.003996509 -0.996447980 -0.002287576 0.084084854
1690471734.096308 -3.428339243 -0.070356518 0.216006398 0.002987136 -0.997438014 -0.001578505 0.071456932
1690471734.160302 -3.428236008 -0.083652318 0.151045382 0.002498768 -0.997651279 -0.002719076 0.068398535
1690471734.293458 -3.455638170 -0.082779579 0.048740923 0.002220085 -0.998271227 -0.003128466 0.058651883
1690471734.360476 -3.474787235 -0.064301275 0.025060773 0.002865292 -0.998524427 -0.002192389 0.054184426
1690471734.427978 -3.466403723 -0.059576310 -0.042470574 0.003536891 -0.998681724 -0.002126085 0.051165022
1690471734.560430 -3.489530325 -0.050168939 -0.133969784 0.002586066 -0.999084651 -0.002355271 0.042634409
1690471734.760328 -3.511845350 -0.058308274 -0.276239634 0.003909613 -0.999517202 -0.004050437 0.030555632
1690471734.826921 -3.507284880 -0.036498457 -0.313713074 0.003041177 -0.999605477 -0.003036146 0.027758781
1690471734.893766 -3.517346382 -0.033458788 -0.359809041 0.003654498 -0.999713480 -0.003228462 0.023436291
1690471734.960271 -3.524435282 -0.036384758 -0.407115638 0.003646726 -0.999797642 -0.003372351 0.019497279
1690471735.026934 -3.523795366 -0.033243008 -0.443927228 0.003729174 -0.999859869 -0.003454298 0.015954722
1690471735.096710 -3.528451681 -0.038578372 -0.495289505 0.003432663 -0.999915838 -0.004728490 0.011590906
1690471735.293695 -3.529800892 -0.035963885 -0.627083302 0.003437843 -0.999977529 -0.005727026 -0.000609333
1690471735.360273 -3.528291225 -0.028470339 -0.681154251 -0.003431423 0.999966621 0.004899288 0.005574684
1690471735.493638 -3.524557114 -0.026064761 -0.761190057 -0.003498066 0.999872327 0.005193096 0.014703207
1690471735.560283 -3.526723623 -0.024136528 -0.800296724 -0.003790206 0.999769509 0.005349137 0.020445846
1690471735.627132 -3.521060944 -0.026164860 -0.843567014 -0.003811941 0.999642432 0.005788599 0.025825864
1690471735.696435 -3.515962601 -0.027012918 -0.883852839 -0.003516678 0.999469399 0.005923788 0.031837128
1690471735.758586 -3.508970261 -0.021051791 -0.925308704 -0.002972630 0.999260902 0.005835413 0.037878860
1690471735.827147 -3.499510050 -0.021998771 -0.967116833 -0.002401856 0.999001443 0.006394578 0.044152409
1690471735.897161 -3.501045227 -0.020369302 -1.010850549 -0.002615634 0.998620689 0.006255118 0.052065931
1690471735.959190 -3.492976665 -0.019212829 -1.050717831 -0.003852025 0.998241127 0.006468873 0.058804423
1690471736.027052 -3.489620447 -0.021092560 -1.092028141 -0.004373625 0.997771621 0.007243524 0.066184141
1690471736.093692 -3.482351780 -0.020925231 -1.122708917 -0.002910150 0.997199416 0.007883077 0.074315704
1690471736.160538 -3.472207308 -0.017515549 -1.157345772 -0.002395769 0.996623695 0.007347592 0.081741266
1690471736.226885 -3.469054699 -0.013614248 -1.194381595 -0.002039146 0.995901525 0.006998896 0.090149693
1690471736.360480 -3.444625139 -0.014715834 -1.265488386 -0.001798134 0.994184077 0.008638936 0.107332297
1690471736.427020 -3.442210674 -0.016632009 -1.300611854 -0.001942469 0.993076444 0.009235600 0.117090724
1690471736.493683 -3.426370621 -0.011040136 -1.339606524 -0.002491094 0.991982281 0.008750126 0.126049578
1690471736.560601 -3.410099506 -0.013029079 -1.373242855 -0.003823318 0.990761399 0.009229721 0.135248497
1690471736.627425 -3.398813009 -0.014475627 -1.403634787 -0.003922094 0.989332080 0.010030783 0.145279422
1690471736.760578 -3.368103981 -0.006531140 -1.467906952 -0.005552684 0.986154318 0.010193097 0.165423855
1690471736.827028 -3.349885225 -0.003910350 -1.491583705 -0.005436020 0.984431386 0.010607185 0.175365210
1690471736.893765 -3.327948332 -0.007833166 -1.527459383 -0.005514225 0.982491732 0.011597828 0.185863242
1690471736.960397 -3.313343763 -0.006177269 -1.550281286 -0.006393840 0.980418026 0.011703847 0.196475685
1690471737.094441 -3.279818058 -0.008408025 -1.601301551 -0.007531834 0.975543499 0.012925631 0.219296888
1690471737.160401 -3.260094643 -0.001158651 -1.622900963 -0.007628299 0.973010242 0.012407351 0.230301932
1690471737.293882 -3.217978477 -0.002329599 -1.676129699 -0.006956652 0.967140138 0.014385793 0.253741205
1690471737.360405 -3.197662354 -0.001662318 -1.698625922 -0.006694253 0.963734567 0.014965225 0.266358852
1690471737.427319 -3.179323435 -0.002425816 -1.717459440 -0.007019334 0.960376143 0.015398241 0.278193027
1690471737.493830 -3.157774448 0.005146205 -1.739102364 -0.006678232 0.956592858 0.015565712 0.290935129
1690471737.560338 -3.132918835 0.004726008 -1.756946683 -0.007521872 0.952782989 0.016168904 0.303128064
1690471737.760439 -3.057992220 0.009711809 -1.822405815 -0.007555914 0.940623164 0.016069924 0.338987947
1690471737.827344 -3.020054102 0.005805172 -1.842905164 -0.008555015 0.936180890 0.016404502 0.351031601
1690471737.897645 -2.990291357 0.013283312 -1.851660609 -0.008484721 0.932358384 0.015932662 0.361084670
1690471737.959959 -2.978033543 0.012942307 -1.872090459 -0.009284427 0.927550793 0.016485238 0.373217881
1690471738.095137 -2.933540821 0.023271024 -1.911472201 -0.008822993 0.917527676 0.014616645 0.397305399
1690471738.159719 -2.935162783 0.019305550 -1.942873716 -0.010070116 0.911286771 0.014578625 0.411391079
1690471738.227271 -2.911569118 0.018309861 -1.954385757 -0.010238040 0.906524181 0.014399237 0.421784014
1690471738.294206 -2.881487370 0.019013137 -1.976426005 -0.010410644 0.901509643 0.014327530 0.432396531
1690471738.360292 -2.841667891 0.024945088 -1.987597942 -0.009228181 0.897272885 0.014187681 0.441151947
1690471738.494757 -2.778935194 0.044174246 -2.017409325 -0.005995232 0.887303889 0.012459311 0.460978001
1690471738.560385 -2.757707357 0.045253567 -2.035264969 -0.005237712 0.881971419 0.012738724 0.471101671
1690471738.631011 -2.724588394 0.047460724 -2.050418854 -0.004076392 0.876922011 0.013059700 0.480438083
1690471738.694155 -2.700564861 0.052398190 -2.063865900 -0.002823989 0.871669650 0.012642015 0.489922762
1690471738.827123 -2.633761644 0.056866348 -2.082244873 -0.001464671 0.861521363 0.013091292 0.507550538
1690471738.893860 -2.609460354 0.080813468 -2.093756676 0.001024061 0.856019080 0.011656501 0.516811907
1690471738.960527 -2.574819803 0.081102997 -2.099938869 0.001291800 0.851006567 0.012044618 0.525015295
1690471739.030233 -2.546142817 0.080163293 -2.108808041 0.001372311 0.845546007 0.012187992 0.533761740
1690471739.094004 -2.514377117 0.086245880 -2.120963335 0.002465456 0.839613378 0.012286165 0.543039918
1690471739.227284 -2.445380688 0.096656077 -2.130562305 0.003166863 0.828841865 0.010881740 0.559368253
1690471739.360500 -2.379075527 0.094170019 -2.148265839 0.004206509 0.816605568 0.012409191 0.577047408
1690471739.427236 -2.342306137 0.097805932 -2.156087399 0.005207181 0.810435891 0.012366019 0.585673749
1690471739.494385 -2.302901745 0.098543897 -2.160307407 0.005820685 0.804701865 0.012948546 0.593509436
1690471739.560020 -2.270662069 0.099955469 -2.154355049 0.006162455 0.799395800 0.012840360 0.600635946
1690471739.693302 -2.270662785 0.099955462 -2.154354572 0.006162455 0.799395800 0.012840359 0.600635946
1690471739.761134 -2.176500797 0.108953834 -2.154068470 0.007815856 0.781049907 0.012269390 0.624299228
1690471739.827365 -2.136725426 0.111268505 -2.154385805 0.008644762 0.774867892 0.012007107 0.631950080
1690471739.894550 -2.106102467 0.103543431 -2.157659054 0.008295712 0.768117070 0.013549420 0.640112281
1690471740.027585 -2.040365458 0.098315433 -2.160004616 0.008679040 0.753908098 0.014947590 0.656752467
1690471740.227253 -1.945981503 0.095315076 -2.142185688 0.011356984 0.733075559 0.016071588 0.679862440
1690471740.299061 -1.896437883 0.107381128 -2.160501480 0.013160535 0.723255038 0.015253266 0.690287173
1690471740.360269 -1.868273497 0.113390103 -2.143681049 0.013400348 0.717138469 0.014021441 0.696660817
1690471740.493889 -1.814882040 0.112152629 -2.121671200 0.014195984 0.703333557 0.015005041 0.710559905
1690471740.560771 -1.773721933 0.101595983 -2.134523630 0.013658519 0.693382084 0.017050937 0.720238805
1690471740.694042 -1.707659602 0.113009185 -2.123509407 0.014547860 0.677747428 0.015454742 0.734988451
1690471740.827255 -1.653478146 0.108625159 -2.098276138 0.014469939 0.662657380 0.015462139 0.748623312
1690471740.960622 -1.591358542 0.108378373 -2.072249413 0.014565304 0.646979749 0.014447059 0.762231290
1690471741.094164 -1.539908648 0.101439469 -2.036911011 0.014747027 0.631876469 0.014524163 0.774792671
1690471741.160661 -1.508062482 0.108244300 -2.020813465 0.016493438 0.623994350 0.014295972 0.781124055
1690471741.227285 -1.484213591 0.104670055 -2.003589630 0.016426072 0.616834223 0.014004625 0.786797047
1690471741.294565 -1.446190834 0.105211809 -1.996050477 0.016886694 0.607725441 0.014220119 0.793840349
1690471741.360618 -1.430149794 0.103348121 -1.969785094 0.016511308 0.601129174 0.013927978 0.798859954
1690471741.427397 -1.402886391 0.108262144 -1.952453971 0.017365867 0.593588293 0.012399402 0.804486036
1690471741.494050 -1.372236490 0.107363813 -1.942370415 0.017925687 0.584975243 0.013083196 0.810747564
1690471741.694579 -1.294516921 0.103970565 -1.895099998 0.018571859 0.561377227 0.013116450 0.827247560
1690471741.760674 -1.292316437 0.101248972 -1.865257978 0.018115940 0.555991828 0.013610849 0.830878913
1690471741.827517 -1.261698246 0.098694809 -1.856472135 0.018399267 0.546992540 0.013733257 0.836822629
1690471741.894474 -1.229547262 0.096059844 -1.838577986 0.018605959 0.538445055 0.013323028 0.842349946
1690471741.961585 -1.218448281 0.103646316 -1.813291192 0.019289037 0.532047510 0.012253623 0.846406162
1690471742.095390 -1.185090184 0.102004424 -1.782379508 0.018419394 0.516921103 0.011717023 0.855754733
1690471742.164813 -1.173136115 0.092742160 -1.766311884 0.017613478 0.509418070 0.012441231 0.860248923
1690471742.227454 -1.147839904 0.104591474 -1.741274357 0.019079097 0.501792490 0.011522574 0.864700913
1690471742.295569 -1.104134560 0.100881159 -1.723090887 0.019300869 0.492668539 0.010145839 0.869943917
1690471742.360506 -1.092946053 0.095322140 -1.706173062 0.018666701 0.485906303 0.010136609 0.873752832
1690471742.494207 -1.054273844 0.109832451 -1.654848814 0.020367600 0.472896665 0.007153585 0.880853474
1690471742.560771 -1.037459731 0.096749395 -1.652793527 0.018504316 0.464536399 0.008735800 0.885317624
1690471742.627409 -1.015917659 0.109862819 -1.615894794 0.020224480 0.459919810 0.007345082 0.887699723
1690471742.696720 -0.997881055 0.105823986 -1.602896452 0.020024745 0.453012675 0.008102887 0.891242325
1690471742.760896 -0.995029330 0.111011237 -1.593610168 0.020905880 0.447112471 0.007698558 0.894200325
1690471742.960733 -0.949675620 0.114226520 -1.531514168 0.021231737 0.431095034 0.006410615 0.902033985
1690471743.027390 -0.925800502 0.104766972 -1.523209691 0.019540209 0.423806161 0.008181068 0.905505180
1690471743.094150 -0.907101333 0.102799371 -1.506103396 0.019852931 0.417775869 0.009418619 0.908284366
1690471743.160791 -0.885488331 0.089970388 -1.500335574 0.017702449 0.411391526 0.010195308 0.911229789
1690471743.227375 -0.863661587 0.088125400 -1.483622551 0.016818590 0.406057358 0.009997843 0.913638115
1690471743.360714 -0.842960715 0.085385315 -1.446352482 0.014889922 0.397674263 0.009191435 0.917359829
1690471743.427556 -0.823060036 0.088806137 -1.428851128 0.015445408 0.393885672 0.008417999 0.918991148
1690471743.494439 -0.809943318 0.088031098 -1.418869972 0.015585969 0.390349299 0.009075899 0.920490205
1690471743.560841 -0.804748416 0.088786453 -1.404075742 0.015673997 0.388618082 0.009490320 0.921216786
1690471743.627513 -0.799306273 0.081601948 -1.389532566 0.014895021 0.386177570 0.010647918 0.922242761
1690471743.760820 -0.761151135 0.080142960 -1.359252930 0.013954020 0.380931497 0.010661927 0.924436569
1690471743.827604 -0.746715546 0.083126783 -1.346184015 0.015401858 0.378659070 0.009500186 0.925359368
1690471743.894133 -0.759153545 0.098174207 -1.329187036 0.014501560 0.379666179 0.008005098 0.924975276
1690471743.960763 -0.711713433 0.087851740 -1.315861464 0.013179711 0.375204593 0.007365713 0.926819026
1690471744.027694 -0.713231325 0.088545606 -1.305237889 0.013755986 0.375340313 0.006780470 0.926760197
1690471744.159149 -0.677709103 0.086387090 -1.283158779 0.015055579 0.372609586 0.005632618 0.927848995
1690471744.227509 -0.661887228 0.083330795 -1.270709038 0.013724099 0.372636914 0.008312168 0.927838504
1690471744.363399 -0.634181917 0.081469275 -1.247435212 0.013357366 0.373069406 0.009265532 0.927661002
1690471744.427503 -0.604304492 0.091435440 -1.233849764 0.016162599 0.372559547 0.006989898 0.927841246
1690471744.494126 -0.583344281 0.101182297 -1.227257252 0.016570222 0.372823387 0.006311849 0.927733004
1690471744.627546 -0.590839505 0.090395890 -1.214781404 0.014339004 0.377817541 0.008123925 0.925733447
1690471744.694160 -0.563669086 0.087483644 -1.197744131 0.013908240 0.379193574 0.008520243 0.925173640
1690471744.760992 -0.546808183 0.097443551 -1.190917134 0.016179949 0.381737411 0.006700639 0.924104929
1690471744.827522 -0.509659588 0.099552512 -1.171860695 0.015837623 0.382540524 0.006567814 0.923779607
1690471744.894248 -0.499742329 0.096941046 -1.159832954 0.016708320 0.386362135 0.005138805 0.922181487
1690471744.960865 -0.481644928 0.092361920 -1.153323054 0.015845951 0.388352633 0.005855849 0.921356022
1690471745.094287 -0.424825668 0.105828270 -1.131981492 0.017310956 0.391985446 0.004398277 0.919798017
1690471745.227526 -0.381694853 0.094243407 -1.114778996 0.016142607 0.397507697 0.006182074 0.917436063
1690471745.361068 -0.331426978 0.089557678 -1.090243101 0.016958088 0.404157192 0.007540451 0.914501309
1690471745.427503 -0.314409703 0.098044366 -1.073261976 0.018144181 0.409148365 0.006626609 0.912263393
1690471745.494425 -0.319680959 0.097860947 -1.075696349 0.017628977 0.415075243 0.006813569 0.909590840
1690471745.560887 -0.305344611 0.093596086 -1.065216541 0.017394142 0.419426918 0.007851573 0.907588542
1690471745.627614 -0.288203955 0.093971960 -1.051134467 0.017940052 0.424846709 0.007026149 0.905060291
1690471745.694254 -0.274335742 0.096515723 -1.044616699 0.017651008 0.429056197 0.005883797 0.903086185
1690471745.760896 -0.246228218 0.101008192 -1.041897297 0.018964762 0.432583839 0.006093271 0.901373625
1690471745.827640 -0.218195766 0.103577010 -1.036503077 0.018987248 0.436220556 0.005889446 0.899620235
1690471745.894313 -0.192785412 0.104706980 -1.028371811 0.019018317 0.440242857 0.006709850 0.897652209
1690471745.960879 -0.176013619 0.105957888 -1.023458719 0.019420214 0.444456667 0.006539918 0.895565987
1690471746.097606 -0.131049901 0.110088333 -1.012759924 0.020171572 0.452284664 0.006536369 0.891621590
1690471746.161003 -0.116267607 0.099402800 -1.008495808 0.018952508 0.456817180 0.008887924 0.889314294
1690471746.295084 -0.080855429 0.096820548 -0.997102380 0.017156910 0.463952243 0.010002320 0.885637641
1690471746.360932 -0.070860058 0.101931855 -0.987732649 0.017058330 0.468125463 0.008485420 0.883456588
1690471746.427633 -0.041863769 0.089946792 -0.982445359 0.016108725 0.470647722 0.011315411 0.882101595
1690471746.560362 0.009208560 0.104676448 -0.973269820 0.018745642 0.474450767 0.008551500 0.880040884
1690471746.695167 0.059395552 0.099830829 -0.963289142 0.018765250 0.476336300 0.010716107 0.878997624
1690471746.760225 0.073987842 0.100000761 -0.954044342 0.018722283 0.477939427 0.011548309 0.878117323
1690471746.827636 0.091261059 0.096425749 -0.946983099 0.017965641 0.478863388 0.012938314 0.877610266
1690471746.965025 0.128469348 0.087632649 -0.931057096 0.016459219 0.477360189 0.016196745 0.878404319
1690471747.027775 0.141031742 0.087743327 -0.920972705 0.016287239 0.476911753 0.017052071 0.878634870
1690471747.160987 0.173247993 0.086101323 -0.905740976 0.015578373 0.472122878 0.018013697 0.881211042
1690471747.294398 0.204872340 0.075931109 -0.882113755 0.013445614 0.466607809 0.020120572 0.884133220
1690471747.360993 0.209073126 0.066948682 -0.875220478 0.012114319 0.463449270 0.023451105 0.885730267
1690471747.427621 0.224199086 0.072972760 -0.858899593 0.013751972 0.459934294 0.022326944 0.887565672
1690471747.627769 0.258150041 0.077500075 -0.822667599 0.013682875 0.446795523 0.022534411 0.894247651
1690471747.694405 0.299014091 0.064296842 -0.800071001 0.012015280 0.437916756 0.025320526 0.898578644
1690471747.761015 0.295666486 0.068042278 -0.791656196 0.011825629 0.433185756 0.025120232 0.900876939
1690471747.893838 0.295666456 0.068042278 -0.791656137 0.011825630 0.433185786 0.025120232 0.900876939
1690471747.893838 0.295666456 0.068042278 -0.791656137 0.011825630 0.433185786 0.025120232 0.900876939
1690471747.893838 0.295666456 0.068042278 -0.791656137 0.011825630 0.433185786 0.025120232 0.900876939
1690471747.893838 0.295666456 0.068042278 -0.791656137 0.011825630 0.433185786 0.025120232 0.900876939
1690471747.893838 0.295666456 0.068042278 -0.791656137 0.011825630 0.433185786 0.025120232 0.900876939
1690471747.893838 0.295666456 0.068042278 -0.791656137 0.011825630 0.433185786 0.025120232 0.900876939
1690471747.893838 0.295666456 0.068042278 -0.791656137 0.011825630 0.433185786 0.025120232 0.900876939
1690471747.893838 0.295666456 0.068042278 -0.791656137 0.011825630 0.433185786 0.025120232 0.900876939
1690471747.893838 0.295666456 0.068042278 -0.791656137 0.011825630 0.433185786 0.025120232 0.900876939
1690471747.893838 0.295666456 0.068042278 -0.791656137 0.011825630 0.433185786 0.025120232 0.900876939
1690471747.893838 0.295666456 0.068042278 -0.791656137 0.011825630 0.433185786 0.025120232 0.900876939
1690471748.759851 0.324629664 0.025659917 -0.577103198 0.010262381 0.309737355 0.034402926 0.950144172
1690471748.827807 0.352411687 0.039965864 -0.591091990 0.011953988 0.298921078 0.033017758 0.953631580
1690471748.894636 0.414425462 0.047493212 -0.547946692 0.012791188 0.283112973 0.033300482 0.958422899
1690471749.027841 0.409831345 0.048593085 -0.532269895 0.013383296 0.261877626 0.032656122 0.964455664
1690471749.161159 0.401260287 0.048014700 -0.497557461 0.013901726 0.242191657 0.030560412 0.969647408
1690471749.227748 0.423494458 0.045753583 -0.455112129 0.014593598 0.230486602 0.029083055 0.972531378
1690471749.294517 0.407268345 0.048945796 -0.466363341 0.014252762 0.221555367 0.027404124 0.974658430
1690471749.361186 0.404074073 0.041104641 -0.450714439 0.014522417 0.211497039 0.030269418 0.976801872
1690471749.427790 0.415037751 0.051588789 -0.439987719 0.015684409 0.200277671 0.025621844 0.979278564
1690471749.494628 0.426875055 0.051172826 -0.397461116 0.015876967 0.191740081 0.021965353 0.981071472
1690471749.561232 0.402210712 0.038829077 -0.394437850 0.013912729 0.184541702 0.022778340 0.982462227
1690471749.695967 0.365600735 0.043070842 -0.368694693 0.014216186 0.171910122 0.017644757 0.984852016
1690471749.761780 0.333637595 -0.005258561 -0.384515911 0.007360877 0.165065154 0.022168776 0.986006081
1690471749.827904 0.287435979 -0.012666867 -0.390801191 0.004947683 0.162448540 0.021746028 0.986464977
1690471749.894627 0.300430238 0.035051171 -0.356348425 0.014766553 0.153211236 0.016181020 0.987950683
1690471750.027840 0.298136085 0.014643953 -0.360261738 0.010126597 0.136116058 0.017585067 0.990485072
1690471750.228053 0.275904924 0.014162374 -0.291635871 0.012112500 0.114383385 0.018018804 0.993199468
1690471750.294614 0.284647763 0.019749740 -0.267140388 0.013518050 0.105747044 0.017970243 0.994138777
1690471750.361303 0.264423460 0.008350684 -0.257039785 0.012782164 0.100848161 0.017574575 0.994664490
1690471750.431915 0.266993165 0.011165855 -0.254670411 0.012611995 0.093900949 0.017673843 0.995344818
1690471750.494563 0.265867114 0.006074754 -0.242561892 0.012398234 0.087534048 0.017211530 0.995935738
1690471750.694561 0.272019178 0.005956814 -0.211750120 0.012314192 0.068212681 0.017310841 0.997444630
1690471750.761387 0.246181667 0.017311502 -0.189148262 0.014428046 0.065449566 0.017218525 0.997602999
1690471750.827892 0.240451932 0.012781576 -0.172425315 0.013915435 0.061342243 0.016705032 0.997880042
1690471750.895284 0.259228706 0.016854232 -0.169277743 0.014556237 0.054709692 0.016069598 0.998266876
1690471750.961396 0.290063590 0.026299806 -0.170463189 0.015728801 0.046785735 0.014941978 0.998669326
1690471751.028060 0.269127578 0.020719096 -0.171415254 0.015288442 0.045151837 0.014786359 0.998753667
1690471751.098935 0.273999125 0.017735641 -0.146845698 0.015188243 0.040198911 0.016062116 0.998947203
1690471751.161273 0.275698543 0.003747671 -0.152725920 0.013558196 0.036863711 0.014941460 0.999116659
1690471751.227923 0.248255417 -0.001903175 -0.153134942 0.012949876 0.035920698 0.015490201 0.999150693
1690471751.361269 0.249362752 -0.004175633 -0.143710867 0.012344654 0.030445429 0.015394964 0.999341667
1690471751.427896 0.258760989 0.009873959 -0.168622985 0.013582295 0.029326383 0.014262310 0.999375820
1690471751.494800 0.257527828 0.009990563 -0.164918870 0.013513907 0.027535208 0.013951329 0.999432147
1690471751.561264 0.254272908 0.010378478 -0.161609799 0.013485541 0.026520113 0.013990042 0.999459445
1690471751.827929 0.252347082 0.008180120 -0.160431519 0.013693617 0.025834076 0.014376434 0.999469042
1690471751.894644 0.250339687 0.010317121 -0.161746472 0.014390871 0.025700940 0.014370558 0.999462783
1690471751.961277 0.253485322 0.007739964 -0.163671300 0.014158792 0.025677184 0.014707990 0.999461830
1690471752.028089 0.251768112 0.007219879 -0.162330449 0.014215529 0.026002781 0.014847191 0.999450564
1690471752.161280 0.252111793 0.007596690 -0.162179813 0.014054772 0.025914749 0.015034080 0.999452293
1690471752.228340 0.252938658 0.008747606 -0.162469909 0.014290330 0.025871938 0.015088110 0.999449253
1690471752.295049 0.249654636 0.008239013 -0.162471786 0.014266312 0.026127862 0.014960785 0.999444842
1690471752.361417 0.251675934 0.009550317 -0.161929384 0.014421564 0.025971066 0.015100528 0.999444604
1690471752.428155 0.251474828 0.008673264 -0.162904531 0.014312831 0.026012750 0.014993188 0.999446750
1690471752.494623 0.251855850 0.009447233 -0.161336735 0.014346518 0.025903312 0.014961817 0.999449551
